-- MySQL dump 10.13  Distrib 5.7.18, for Linux (x86_64)
--
-- Host: localhost    Database: easyshop
-- ------------------------------------------------------
-- Server version	5.7.18-0ubuntu0.16.04.1

/*!40101 SET @OLD_CHARACTER_SET_CLIENT=@@CHARACTER_SET_CLIENT */;
/*!40101 SET @OLD_CHARACTER_SET_RESULTS=@@CHARACTER_SET_RESULTS */;
/*!40101 SET @OLD_COLLATION_CONNECTION=@@COLLATION_CONNECTION */;
/*!40101 SET NAMES utf8 */;
/*!40103 SET @OLD_TIME_ZONE=@@TIME_ZONE */;
/*!40103 SET TIME_ZONE='+00:00' */;
/*!40014 SET @OLD_UNIQUE_CHECKS=@@UNIQUE_CHECKS, UNIQUE_CHECKS=0 */;
/*!40014 SET @OLD_FOREIGN_KEY_CHECKS=@@FOREIGN_KEY_CHECKS, FOREIGN_KEY_CHECKS=0 */;
/*!40101 SET @OLD_SQL_MODE=@@SQL_MODE, SQL_MODE='NO_AUTO_VALUE_ON_ZERO' */;
/*!40111 SET @OLD_SQL_NOTES=@@SQL_NOTES, SQL_NOTES=0 */;

--
-- Table structure for table `addresses`
--

DROP TABLE IF EXISTS `addresses`;
/*!40101 SET @saved_cs_client     = @@character_set_client */;
/*!40101 SET character_set_client = utf8 */;
CREATE TABLE `addresses` (
  `id` int(11) NOT NULL AUTO_INCREMENT,
  `address` varchar(45) NOT NULL,
  `zipcode` char(4) NOT NULL,
  `city` varchar(45) NOT NULL,
  `users_id` int(11) NOT NULL,
  PRIMARY KEY (`id`),
  KEY `fk_addresses_users_idx` (`users_id`),
  CONSTRAINT `fk_addresses_users` FOREIGN KEY (`users_id`) REFERENCES `users` (`id`) ON DELETE NO ACTION ON UPDATE NO ACTION
) ENGINE=InnoDB DEFAULT CHARSET=utf8;
/*!40101 SET character_set_client = @saved_cs_client */;

--
-- Dumping data for table `addresses`
--

LOCK TABLES `addresses` WRITE;
/*!40000 ALTER TABLE `addresses` DISABLE KEYS */;
INSERT INTO `addresses` VALUES (1,'3741 Mi Avenue','5111','Cisnes',1),(2,'Ap #599-1647 Convallis Street','4206','Toernich',2),(3,'2050 At Street','8712','Thisnes',3),(4,'P.O. Box 436, 611 Magna Avenue','7490','Gibbons',4),(5,'495-5940 Elit, St.','8405','Itegem',5),(6,'6998 Pede, Road','6871','Coelemu',6),(7,'5116 Risus. Rd.','5194','Terragnolo',7),(8,'Ap #959-7853 Congue. St.','8427','Pudukkottai',8),(9,'Ap #370-4342 Nullam Rd.','7548','Valladolid',9),(10,'Ap #700-4481 Pede. St.','7210','Hohenems',10),(11,'873-5936 Augue, Rd.','2276','Ambleside',11),(12,'P.O. Box 165, 4928 Semper Rd.','4088','Valda',12),(13,'Ap #750-4818 Commodo St.','8780','Dampicourt',13),(14,'P.O. Box 133, 8528 Vehicula Avenue','2670','Lier',14),(15,'527-4863 Enim. Rd.','3975','Weymouth',15),(16,'P.O. Box 480, 7800 Laoreet, Ave','8452','Çar?amba',16),(17,'259-6698 Purus, Av.','9498','Kanchrapara',17),(18,'581-4968 Euismod Road','1872','Paradise',18),(19,'3288 Sed St.','9565','Landeck',19),(20,'9137 Iaculis St.','1629','Tourinne',20),(21,'P.O. Box 202, 486 Ipsum St.','6822','Vernole',21),(22,'635-4572 Magna. St.','4123','Grasse',22),(23,'P.O. Box 646, 9018 Quisque Av.','6667','Perth',23),(24,'Ap #454-1974 In Rd.','1422','Glabais',24),(25,'502-6126 Non, Rd.','3834','Issime',25),(26,'7776 Leo. Street','6277','Gießen',26),(27,'P.O. Box 480, 6390 Nunc Street','7280','Ruvo del Monte',27),(28,'P.O. Box 384, 7846 Fusce St.','3331','Rebecq',28),(29,'P.O. Box 342, 4322 Sed St.','9830','Traiskirchen',29),(30,'Ap #273-6733 Lectus Av.','9730','Ruette',30),(31,'853 Aliquet. St.','7610','Coatbridge',31),(32,'1526 Duis St.','7425','Saint-Eug?ne-de-Guigues',32),(33,'4085 Purus Av.','5439','Presles',33),(34,'P.O. Box 539, 7058 Vitae St.','6672','San Sostene',34),(35,'Ap #833-2278 A, Road','1583','Galashiels',35),(36,'P.O. Box 583, 4104 Aliquet Av.','1975','Loppem',36),(37,'Ap #979-856 Quis Rd.','2607','Cuttack',37),(38,'P.O. Box 331, 1238 Ac St.','8693','Genappe',38),(39,'Ap #147-5686 Enim, St.','6700','Athens',39),(40,'P.O. Box 782, 2065 Cursus Rd.','1872','Malgesso',40),(41,'P.O. Box 696, 1378 Velit. St.','5693','Augusta',41),(42,'2641 Dui Av.','4449','Kearny',42),(43,'Ap #699-6295 Auctor St.','3608','Bünyan',43),(44,'Ap #359-7682 Cras Avenue','8427','Bergen',44),(45,'815-5346 Neque Av.','5265','Molino dei Torti',45),(46,'Ap #196-1807 Primis Rd.','7044','Mejillones',46),(47,'P.O. Box 270, 6173 Pellentesque Rd.','4021','Paularo',47),(48,'Ap #802-8411 Sed St.','7457','Stonewall',48),(49,'P.O. Box 700, 7747 Inceptos St.','8170','Mazzano Romano',49),(50,'P.O. Box 872, 678 Sollicitudin Rd.','8267','Jette',50),(51,'9430 Mus. Rd.','3051','Oudenaken',51),(52,'Ap #600-2116 Lacus. Rd.','4775','Isola di Capo Rizzuto',52),(53,'1211 Vitae St.','5615','Radicofani',53),(54,'368-1496 Metus. St.','8506','Antofagasta',54),(55,'426-6891 Libero Av.','7726','Maranello',55),(56,'7531 Fusce Road','5246','Trinità d\'Agultu e Vignola',56),(57,'801-8434 Integer Av.','3084','Quinta Normal',57),(58,'Ap #819-8872 Ut St.','3808','Innsbruck',58),(59,'Ap #548-4431 Integer Ave','7642','Auvelais',59),(60,'735-4610 Tincidunt St.','9077','Fraser Lake',60),(61,'4617 Vestibulum. Road','4936','Castelbaldo',61),(62,'8216 Libero Rd.','2818','Nampa',62),(63,'P.O. Box 959, 4191 Rutrum St.','5887','Enines',63),(64,'P.O. Box 772, 4416 Ullamcorper Street','2920','Vanier',64),(65,'Ap #684-3750 Id, Ave','9445','East Kilbride',65),(66,'Ap #476-446 Nulla St.','9203','Saint-Martin',66),(67,'P.O. Box 714, 8562 Tellus Av.','7362','Saint-Nicolas',67),(68,'Ap #939-8822 Massa. Street','6915','Tucson',68),(69,'244-3130 Proin Road','7141','Lamontz?e',69),(70,'P.O. Box 729, 3701 Ultricies Rd.','7439','Warisoulx',70),(71,'Ap #789-975 At Road','1904','La Granja',71),(72,'3360 Dolor Ave','3110','Ellon',72),(73,'P.O. Box 450, 5864 Euismod Road','6455','Norman',73),(74,'708-4675 Purus St.','9058','Athus',74),(75,'706-8274 Fusce Rd.','1800','Castellana Sicula',75),(76,'461 Cras Road','5686','Dunedin',76),(77,'441 Consequat Road','2927','Okpoko',77),(78,'766-2990 Aliquam Av.','4540','Lidköping',78),(79,'P.O. Box 978, 5638 Risus. Avenue','2550','Scandriglia',79),(80,'6784 Sociis Street','9282','Falisolle',80),(81,'6749 Egestas St.','1371','Altmünster',81),(82,'801-7144 Iaculis St.','8009','Bitterfeld-Wolfen',82),(83,'2699 Mauris Ave','7582','Geer',83),(84,'191-1823 Erat. Rd.','1269','Pöttsching',84),(85,'175-763 Convallis Ave','2759','Lamontz?e',85),(86,'6678 Magna. Avenue','5417','Coldstream',86),(87,'P.O. Box 560, 1516 Hendrerit St.','3244','Fresno',87),(88,'175-3165 Non, St.','4411','Zeist',88),(89,'P.O. Box 597, 110 Quis, St.','7154','Prince George',89),(90,'P.O. Box 819, 1333 Volutpat St.','9950','Freising',90),(91,'P.O. Box 887, 348 Quis St.','1164','Paternopoli',91),(92,'P.O. Box 288, 9627 Aliquet, Rd.','1430','Los Angeles',92),(93,'Ap #238-4367 Fusce Rd.','5986','Raigarh',93),(94,'Ap #853-6508 Tempus St.','3304','Antofagasta',94),(95,'Ap #562-5997 Mi Av.','9422','Lebu',95),(96,'Ap #583-6016 Urna, Ave','6958','Beveren',96),(97,'311-7943 Quisque St.','8909','Hugli-Chinsurah',97),(98,'P.O. Box 370, 5685 Ipsum. St.','2496','Wangaratta',98),(99,'P.O. Box 870, 9228 Nec, St.','5589','Almelo',99),(100,'6662 Est. St.','1268','Banda',100);
/*!40000 ALTER TABLE `addresses` ENABLE KEYS */;
UNLOCK TABLES;

--
-- Table structure for table `credentials`
--

DROP TABLE IF EXISTS `credentials`;
/*!40101 SET @saved_cs_client     = @@character_set_client */;
/*!40101 SET character_set_client = utf8 */;
CREATE TABLE `credentials` (
  `id` int(11) NOT NULL AUTO_INCREMENT,
  `password` varchar(200) NOT NULL,
  `accessToken` varchar(45) NOT NULL,
  `creationDate` datetime NOT NULL,
  `lastUpdated` datetime NOT NULL,
  `email` varchar(45) NOT NULL,
  PRIMARY KEY (`id`),
  UNIQUE KEY `email_UNIQUE` (`email`)
) ENGINE=InnoDB DEFAULT CHARSET=utf8;
/*!40101 SET character_set_client = @saved_cs_client */;

--
-- Dumping data for table `credentials`
--

LOCK TABLES `credentials` WRITE;
/*!40000 ALTER TABLE `credentials` DISABLE KEYS */;
INSERT INTO `credentials` VALUES (1,'Azerty123','T9A 0N8','2016-06-02 09:50:06','2016-07-12 11:11:39','test1@outlook.com'),(2,'Azerty123','E4J 8Q1','2016-08-11 02:25:59','2017-04-09 06:50:04','test2@outlook.com'),(3,'AIP67MZT1RE','F8C 8S4','2016-10-10 12:55:39','2017-03-06 05:12:37','odio.semper.cursus@enimdiamvel.org'),(4,'WJA93TQL5OM','O3H 1D4','2017-02-19 14:13:55','2017-02-28 18:58:41','sem@ullamcorperDuiscursus.co.uk'),(5,'UJN92NZE2HS','G5I 6V7','2016-10-17 14:17:05','2017-01-26 14:01:47','vel.nisl.Quisque@risus.edu'),(6,'ISU28EBL6PS','Q7G 8C5','2017-01-10 03:40:44','2017-02-19 23:36:26','erat.in@semmagnanec.edu'),(7,'PPT05TDU4AY','H8V 3F1','2016-08-06 23:16:39','2016-09-29 05:13:25','non@purusin.co.uk'),(8,'ACF59DCJ7PR','E1E 6G1','2017-01-27 19:21:52','2017-03-22 20:49:25','faucibus.lectus@duinecurna.org'),(9,'EAF90LSY9EW','V0I 0Q6','2017-01-14 10:49:24','2017-04-27 18:17:36','dictum@elementumpurusaccumsan.org'),(10,'IFL68FLV7GR','K8F 8N9','2017-04-02 01:45:06','2016-10-29 17:02:10','nunc.nulla.vulputate@nonummynare.net'),(11,'YWA68SQR7RP','R6Y 6W3','2016-09-02 20:30:50','2017-03-22 02:46:01','metus.eu.erat@Quisque.edu'),(12,'HUB00GZL8TW','I8X 6K5','2016-07-04 21:14:27','2016-07-10 17:59:16','sed.libero@consequatnecmollis.org'),(13,'AEX92QOJ9GD','N0W 9H5','2016-05-01 02:04:51','2016-11-19 22:28:35','Cras@nequeNullamut.com'),(14,'NBX49KUN5FO','R1J 9C1','2017-01-17 11:52:10','2017-03-01 08:00:25','et.arcu.imperdiet@morbi.com'),(15,'KKG46HBW5HT','L2P 4V4','2017-04-15 01:02:43','2016-09-12 06:06:07','cursus.Integer@leo.edu'),(16,'LOA61JBL8CE','S8D 7C4','2016-07-01 00:48:18','2016-10-23 16:02:01','massa@viverraMaecenas.co.uk'),(17,'HBK29DHN4QF','I7R 7O0','2016-12-26 05:40:08','2016-08-01 13:31:01','mauris@ategestasa.co.uk'),(18,'VAE32OJG6GD','Y5H 7I0','2017-02-16 14:52:30','2016-10-03 22:43:26','amet.massa@sem.co.uk'),(19,'HEH26PPI2YF','E7E 6G0','2016-05-26 07:52:49','2016-10-14 09:38:39','ut@consectetueripsumnunc.org'),(20,'QDU46JHW8PF','T8W 4X4','2016-07-12 21:31:50','2016-12-13 08:19:34','nec.metus@penatibus.com'),(21,'VRZ31BXT2HD','J2L 1C1','2016-09-18 09:05:52','2016-11-18 04:44:42','fermentum.arcu.Vestibulum@massaumsan.net'),(22,'NYL01LNI6VX','D6C 9E5','2016-07-17 00:35:33','2016-05-23 11:23:58','lacinia@magnisdisparturient.net'),(23,'JYW17SHG5OO','M2Q 7S3','2017-01-07 19:25:04','2016-12-14 18:13:33','ipsum.porta@Proin.co.uk'),(24,'QMN47MUV2DE','J2P 0R4','2016-08-06 01:44:54','2016-09-16 21:21:42','ut.pharetra@SedmolestieSed.co.uk'),(25,'LID14WUE1EO','B1P 3M1','2017-02-17 21:27:42','2016-05-07 22:02:48','eu.nibh@turpis.com'),(26,'GUZ50SSS6PC','K6I 4T1','2016-09-23 09:35:44','2016-09-08 14:52:12','sem@fermentumconvallis.org'),(27,'LDQ49ABK3RN','T0O 8W6','2016-09-26 23:04:49','2017-02-24 15:18:10','sagittis.lobortis.mauris@consequatdolor.ca'),(28,'EDG92HTW5CR','E1A 1L1','2016-12-08 05:31:07','2016-06-12 22:07:56','imperdiet@Vivamusnisi.com'),(29,'UOZ91MEJ1RS','V1X 7Q0','2016-09-08 12:34:48','2016-11-04 01:03:57','nonummy.ac.feugiat@pretiumet.org'),(30,'EMF72NHA0MS','G1F 5Q2','2016-08-29 03:49:46','2016-11-27 00:13:32','Suspendisse@sagittis.edu'),(31,'WPL81OBC6ZY','G1L 7Y3','2016-05-19 09:45:09','2016-06-22 07:43:36','Phasellus.dolor@nostraper.org'),(32,'GLR49UAQ8HH','M7P 9W1','2016-10-24 17:10:59','2016-08-10 08:18:07','Aenean.massa.Integer@erateget.edu'),(33,'JKD74IQK7UK','M5F 0M2','2016-06-25 15:40:06','2016-08-29 00:27:49','hendrerit@Nam.edu'),(34,'HPU08ZLG4AB','O9U 5L7','2016-11-28 13:58:55','2016-12-20 13:59:44','sollicitudin.commodo.ipsum@quis.org'),(35,'GDJ46LZN8FT','Z1P 9B5','2016-05-11 20:35:45','2017-03-17 14:33:27','nunc@ultricessit.edu'),(36,'ZYP17SBM8GM','M0X 2M5','2017-02-06 14:35:28','2017-02-25 13:13:26','tempor@In.co.uk'),(37,'NVX11ZAJ1HE','J6Q 2X4','2016-06-27 22:21:43','2016-11-11 13:57:31','Nulla@fringillapurus.ca'),(38,'XVQ63KFJ0ZY','K2D 4N3','2016-05-26 14:32:09','2017-02-14 10:46:17','nec@arcuVivamus.net'),(39,'WOC37MGI3TN','M5Y 0V9','2016-12-13 16:13:51','2016-05-29 13:53:29','dui.semper.et@mus.org'),(40,'OSA84VJG4XM','R9C 4T9','2016-05-19 00:15:36','2017-03-29 23:28:39','Suspendisse.aliquet@Cras.net'),(41,'MHB51VWT1RI','I9M 3Q5','2017-03-16 14:08:56','2017-04-20 19:20:02','Ut.tincidunt.orci@placeratvelitQuisque.edu'),(42,'WVN46CUD3HC','Z7B 5Y8','2017-04-07 21:30:04','2016-07-24 08:56:36','viverra.Maecenas@Morbivehicula.net'),(43,'INJ31JWV0YF','T3S 8F9','2017-04-25 15:01:12','2017-01-22 04:07:18','quam@Donec.org'),(44,'AQD69YVC0OE','O4L 0C4','2016-09-11 14:19:32','2017-04-11 20:15:58','aliquet@primisin.ca'),(45,'VAX97RDP0RI','H0R 8D2','2016-06-24 19:12:20','2016-08-12 07:21:32','dolor.quam.elementum@sagittis.ca'),(46,'MHR04APT5OO','S2Y 2Y4','2017-03-16 03:35:06','2017-04-09 18:45:47','In@mi.edu'),(47,'WZE17RPH8VZ','J5C 7P0','2017-02-13 02:08:21','2016-06-19 17:16:33','Proin.vel.arcu@interdumCurabitur.org'),(48,'SCT16WDS7CI','M8A 0K4','2017-02-19 10:10:32','2017-02-19 18:07:57','eu@lacusMaurisnon.com'),(49,'HGA07YRD4FJ','K4R 6D7','2016-07-31 00:08:22','2017-04-17 17:31:18','lobortis.ultrices.Vivamus@eu.net'),(50,'BXM20MLL4RT','R5P 7G9','2016-07-29 20:01:59','2016-05-08 03:36:25','eleifend.non.dapibus@Quisquetincidunt.ca'),(51,'SMU64MDI8VQ','K8A 8M1','2017-04-29 10:11:57','2016-05-10 19:46:41','convallis@Pellentesque.co.uk'),(52,'QRM48RZS4QV','K3N 4P9','2016-11-10 01:35:21','2016-10-20 15:46:48','eu.enim@mifelis.edu'),(53,'KUQ81CWT0YS','E5J 5G8','2016-08-18 00:59:52','2016-10-24 19:58:46','dolor.quam.elementum@Nunc.net'),(54,'YUT24NEK6ZM','B0A 4N3','2016-10-13 01:30:54','2016-09-21 23:24:09','risus.Donec.nibh@incursuset.org'),(55,'MQR63OJT9WE','R5D 5C2','2016-07-14 10:26:54','2016-08-13 03:28:26','congue@pharetrafeliseget.org'),(56,'FRS85VAX1TH','S3C 4B1','2017-01-18 17:59:40','2016-09-27 21:40:58','Vivamus.non.lorem@ligulaNullamfeugiat.co.uk'),(57,'PQP55YVB8HQ','O0A 0R2','2017-01-01 09:07:07','2016-12-03 12:47:21','Nam.tempor.diam@rutrummagnaCras.edu'),(58,'WIQ04VBP0PA','N7L 3K7','2016-07-28 17:09:16','2016-06-23 08:45:57','id.risus@Proinnon.edu'),(59,'PCT90ETG1JD','R4N 1R8','2017-03-26 18:53:10','2016-11-29 01:22:15','facilisis.vitae@nasceturridiculus.ca'),(60,'TFK90PHU9NE','G6R 5O4','2017-01-31 02:31:16','2017-01-15 10:45:37','eu.accumsan@aliquetPhasellusfermentum.com'),(61,'ANX44EMS9EC','Q7C 2B1','2016-09-24 01:26:49','2016-06-29 21:06:58','ac.mattis@dictumeu.ca'),(62,'NOA10KJM5BJ','P2T 4Q2','2017-01-10 03:09:39','2017-03-01 07:08:38','Duis.gravida@erat.net'),(63,'ASB63OVB2WO','V7C 6A2','2017-01-07 19:23:31','2016-09-28 15:49:02','Donec.porttitor@at.co.uk'),(64,'TAT88YBQ7VL','W0D 8D3','2017-02-20 11:46:23','2017-03-10 18:14:00','non.sapien.molestie@Aliquameratvolutpat.net'),(65,'YYN40WTP8UB','D2O 8O6','2017-01-23 14:33:04','2017-01-10 03:18:37','nibh.sit@semeget.com'),(66,'WYN36XVU9MC','T6B 1S3','2016-11-16 08:49:51','2016-06-12 04:03:56','a@malesuadautsem.edu'),(67,'UJB04PCE4GD','Q6M 0W2','2016-08-06 20:28:29','2016-07-05 12:22:57','tortor.dictum@Phasellusvitaemauris.com'),(68,'FXA31NMN1TF','N5J 6N4','2016-06-22 04:15:59','2017-03-03 09:10:33','ut.nisi@euismodestarcu.ca'),(69,'NLK78ZQS8UM','T8V 0B2','2017-04-12 14:29:31','2017-01-03 13:27:50','ante.ipsum@ipsumnunc.net'),(70,'PZC58RQJ3AS','K1O 8T2','2017-03-07 04:34:09','2017-04-11 14:31:41','augue@nisl.org'),(71,'OBM84ETL1LG','X5M 0C0','2016-05-15 07:15:02','2017-03-13 11:43:57','non.nisi.Aenean@eulacus.ca'),(72,'GIK13DXH6ST','J3X 0W0','2016-06-16 04:03:45','2016-06-11 13:38:38','est@nonjustoProin.net'),(73,'FKI46GHJ7TA','L1Z 1Q2','2017-04-07 22:32:03','2016-08-19 20:00:37','Donec.vitae.erat@nuncacmattis.co.uk'),(74,'XHW93GWE3FG','A1V 6L5','2016-12-07 09:05:35','2016-10-22 07:32:38','eget.nisi@ipsumdolorsit.ca'),(75,'WCT18SQH7DP','T4J 5F8','2016-05-29 01:15:15','2016-08-18 04:14:16','mollis@risus.ca'),(76,'DGM79AOC6RV','Y1C 5N3','2016-10-23 19:06:40','2017-02-04 06:13:53','lacus.Aliquam.rutrum@convallisdolor.ca'),(77,'AHX89EVY5XR','O2L 8D4','2016-08-06 21:32:33','2016-12-29 19:01:51','molestie@dictum.net'),(78,'WAD48IWW4BH','Z2C 1F2','2017-02-15 08:36:22','2016-06-03 12:04:38','ultrices.iaculis@semperauctorMauris.org'),(79,'KVD23JUO8SP','H1B 1S7','2017-02-18 21:00:07','2016-06-03 09:08:33','sociis.natoque.penatibus@sit.net'),(80,'VEV74CBC3AO','O5S 6E4','2017-03-10 10:22:07','2017-04-05 00:32:01','eu.euismod.ac@lacusEtiambibendum.edu'),(81,'WNO41ARG6RF','F7W 9E9','2017-01-30 10:11:23','2016-10-26 12:09:40','dictum.mi@interdumSedauctor.org'),(82,'QBY62MUJ8LZ','A2G 6F1','2016-09-17 13:44:39','2016-09-16 14:17:23','placerat.orci@posuereat.ca'),(83,'AVB14ZZF6AU','S1N 4Z4','2016-10-22 10:34:22','2016-07-11 23:05:43','odio.Etiam@euligula.com'),(84,'QID16GNS6WW','L5N 1T7','2017-03-11 12:51:36','2016-08-23 16:49:17','ornare.facilisis.eget@elitelitfermentum.co.uk'),(85,'EDS05MCL4QQ','T8F 7R4','2016-11-27 18:59:33','2016-12-16 11:22:20','nec.imperdiet@a.ca'),(86,'WFJ14FDO1KC','Y0K 1R4','2017-02-09 07:45:03','2016-07-18 22:52:47','ornare.tortor@dignissim.edu'),(87,'GKN91DGG2AG','F1K 3O7','2016-08-08 06:49:10','2016-06-12 19:16:20','nisl.Maecenas@neque.ca'),(88,'FMJ84PLB7LL','X4S 5R7','2016-09-04 17:59:22','2017-02-22 10:14:25','Curae.Phasellus@Crasdolor.net'),(89,'PGK62DQQ9RT','H4C 0J7','2016-06-10 04:49:37','2017-04-13 06:00:24','Aenean.eget@Cum.net'),(90,'ZWG09MRM5TF','L2I 2C7','2016-06-25 11:58:25','2017-01-19 02:12:17','augue@Proinultrices.co.uk'),(91,'VBG67SNA5IX','A6J 6U3','2016-07-30 00:56:02','2016-12-29 16:30:38','mauris@blanditviverraDonec.co.uk'),(92,'KJD92QSB8RY','A6C 5T4','2016-12-15 10:08:03','2016-12-17 05:18:11','eu.odio.tristique@lacusMauris.ca'),(93,'ICQ10HAT4ZR','S1D 9T2','2017-03-19 11:11:21','2016-07-06 02:55:17','nunc.Quisque@lectus.co.uk'),(94,'INJ74EYN7QW','W0Q 7W7','2016-08-07 08:12:13','2017-01-31 06:42:56','Morbi@sollicitudin.org'),(95,'XLE84NDK5SN','W0I 9I2','2016-07-05 08:42:56','2016-11-20 06:41:44','velit.egestas.lacinia@musDonecdignissim.edu'),(96,'XSH01BBN0MO','W7Z 9P2','2016-11-29 09:27:06','2016-12-29 12:34:37','sit.amet.nulla@Maecenasiaculisaliquet.co.uk'),(97,'RYP85MSQ2TW','H9R 7Z1','2016-06-12 11:10:37','2016-10-31 19:46:29','dis.parturient.montes@etultricesposuere.co.uk'),(98,'TIJ25UOU9TT','D9S 5R1','2016-05-30 07:29:48','2017-01-25 23:48:32','nibh.vulputate.mauris@aceleifend.net'),(99,'CXT82AXS4WD','A3S 1F4','2016-09-04 21:30:50','2017-01-25 13:10:02','Fusce.aliquam.enim@lorem.net'),(100,'MUH85MSQ0EE','B9Q 6X7','2016-10-03 03:36:12','2016-10-08 03:55:08','arcu.Sed@risusDonecnibh.co.uk');
/*!40000 ALTER TABLE `credentials` ENABLE KEYS */;
UNLOCK TABLES;

--
-- Table structure for table `deliveries`
--

DROP TABLE IF EXISTS `deliveries`;
/*!40101 SET @saved_cs_client     = @@character_set_client */;
/*!40101 SET character_set_client = utf8 */;
CREATE TABLE `deliveries` (
  `id` int(11) NOT NULL AUTO_INCREMENT,
  `deliveryDate` datetime NOT NULL,
  `deliverer_id` int(11) NOT NULL,
  `applicant_id` int(11) NOT NULL,
  `orders_id` int(11) NOT NULL,
  PRIMARY KEY (`id`),
  KEY `fk_deliveries_users1_idx` (`deliverer_id`),
  KEY `fk_deliveries_orders1_idx` (`orders_id`),
  CONSTRAINT `fk_deliveries_orders1` FOREIGN KEY (`orders_id`) REFERENCES `orders` (`id`) ON DELETE NO ACTION ON UPDATE NO ACTION,
  CONSTRAINT `fk_deliveries_users1` FOREIGN KEY (`deliverer_id`) REFERENCES `users` (`id`) ON DELETE NO ACTION ON UPDATE NO ACTION
) ENGINE=InnoDB DEFAULT CHARSET=utf8;
/*!40101 SET character_set_client = @saved_cs_client */;

--
-- Dumping data for table `deliveries`
--

LOCK TABLES `deliveries` WRITE;
/*!40000 ALTER TABLE `deliveries` DISABLE KEYS */;
INSERT INTO `deliveries` VALUES (1,'2017-03-24 21:56:07',4,2,8),(2,'2016-10-04 18:20:59',42,98,89),(3,'2016-10-24 09:01:34',100,51,95),(4,'2016-11-05 09:49:41',66,100,53),(5,'2016-12-30 20:04:53',3,98,24),(6,'2016-05-11 06:05:43',97,25,57),(7,'2016-10-26 08:36:59',42,50,66),(8,'2017-02-24 22:25:45',2,92,71),(9,'2016-09-19 23:08:32',79,65,64),(10,'2017-02-22 11:29:12',97,78,6),(11,'2016-08-07 13:12:44',26,72,63),(12,'2017-02-18 02:16:04',29,86,84),(13,'2016-10-29 17:46:14',66,69,11),(14,'2016-05-12 13:53:28',65,81,59),(15,'2016-11-25 05:00:04',87,76,54),(16,'2017-04-30 20:34:35',69,97,75),(17,'2016-06-30 04:40:33',60,46,21),(18,'2017-04-25 13:12:52',69,88,25),(19,'2017-04-06 15:01:46',64,92,53),(20,'2017-03-27 08:16:33',78,67,29),(21,'2016-05-08 08:41:46',21,55,29),(22,'2016-12-03 10:51:05',83,99,20),(23,'2016-09-27 04:17:21',80,42,11),(24,'2016-12-01 03:27:23',15,81,95),(25,'2016-12-10 16:11:57',91,44,80),(26,'2016-07-29 21:55:08',8,87,82),(27,'2017-02-07 14:33:43',93,29,57),(28,'2016-09-29 16:03:46',50,46,51),(29,'2017-01-12 13:46:55',54,24,2),(30,'2016-10-20 05:34:27',95,63,77),(31,'2016-06-02 12:05:07',37,85,65),(32,'2016-10-26 21:20:32',81,87,4),(33,'2017-04-03 04:46:46',78,36,71),(34,'2016-05-31 02:57:41',93,1,56),(35,'2017-01-25 23:05:15',1,26,26),(36,'2017-04-22 04:23:37',61,93,10),(37,'2017-02-12 18:42:03',22,95,4),(38,'2016-06-02 17:40:07',66,31,4),(39,'2017-01-16 13:01:18',68,27,72),(40,'2016-10-01 04:19:12',41,72,52),(41,'2017-04-03 15:15:44',44,66,74),(42,'2016-07-13 02:20:46',82,3,44),(43,'2017-02-10 15:24:02',80,11,59),(44,'2017-01-23 18:30:27',83,48,20),(45,'2016-07-28 13:22:40',53,99,66),(46,'2016-05-16 17:34:33',24,67,77),(47,'2016-10-15 22:56:17',83,95,1),(48,'2017-01-11 20:50:16',68,8,87),(49,'2017-01-18 10:48:56',51,36,40),(50,'2016-06-05 09:43:57',50,58,56),(51,'2016-05-25 21:16:31',94,63,49),(52,'2016-12-27 20:16:09',6,15,65),(53,'2016-09-26 15:34:00',23,43,67),(54,'2016-12-18 18:26:39',8,37,38),(55,'2016-06-05 22:59:35',67,39,36),(56,'2016-10-15 06:53:25',36,61,60),(57,'2016-06-27 23:02:40',17,77,75),(58,'2016-05-14 19:02:47',40,44,58),(59,'2016-06-12 08:22:54',8,73,82),(60,'2016-06-05 23:09:34',20,66,82),(61,'2016-05-27 14:53:38',82,50,3),(62,'2016-10-15 18:29:56',56,52,58),(63,'2016-10-07 17:40:44',62,23,81),(64,'2016-12-03 04:41:32',76,91,32),(65,'2016-08-25 01:20:47',98,9,77),(66,'2016-05-15 20:50:34',45,95,8),(67,'2016-07-02 04:24:51',11,16,4),(68,'2016-09-06 12:39:34',79,49,50),(69,'2017-02-26 17:17:09',75,18,4),(70,'2016-09-20 22:27:35',82,40,81),(71,'2017-03-01 18:59:15',50,49,97),(72,'2016-11-28 01:00:44',5,8,33),(73,'2016-10-30 17:28:14',5,63,12),(74,'2016-05-26 11:55:17',77,74,36),(75,'2016-12-11 15:10:21',70,33,58),(76,'2016-09-12 07:23:13',15,76,20),(77,'2016-05-31 18:22:54',72,52,8),(78,'2017-03-20 11:54:28',97,77,18),(79,'2016-09-16 03:49:25',37,84,95),(80,'2016-09-24 03:37:41',55,57,22),(81,'2017-04-26 09:18:26',77,73,36),(82,'2017-01-10 04:02:59',78,47,67),(83,'2017-03-04 14:58:02',85,9,51),(84,'2017-04-27 03:37:47',97,28,95),(85,'2016-10-21 19:31:09',70,7,92),(86,'2017-01-05 12:14:38',42,76,6),(87,'2016-09-11 22:02:17',90,26,36),(88,'2016-05-27 04:34:50',50,41,85),(89,'2017-04-11 05:28:04',28,98,8),(90,'2016-09-05 01:28:34',92,40,34),(91,'2017-03-14 07:15:41',29,11,28),(92,'2016-06-06 21:11:41',30,100,30),(93,'2017-02-05 03:13:56',34,51,45),(94,'2016-06-07 06:48:37',50,32,78),(95,'2016-11-08 19:44:12',52,70,92),(96,'2017-03-21 22:52:38',77,11,26),(97,'2017-04-13 21:01:16',27,39,30),(98,'2016-07-16 21:34:21',87,1,93),(99,'2017-03-20 07:53:42',3,34,58),(100,'2016-05-20 22:04:37',29,98,22);
/*!40000 ALTER TABLE `deliveries` ENABLE KEYS */;
UNLOCK TABLES;

--
-- Table structure for table `opening_times`
--

DROP TABLE IF EXISTS `opening_times`;
/*!40101 SET @saved_cs_client     = @@character_set_client */;
/*!40101 SET character_set_client = utf8 */;
CREATE TABLE `opening_times` (
  `shops_id` int(11) NOT NULL,
  `monday` varchar(20) NOT NULL,
  `tuesday` varchar(20) NOT NULL,
  `wednesday` varchar(20) NOT NULL,
  `thursday` varchar(20) NOT NULL,
  `friday` varchar(20) NOT NULL,
  `saturday` varchar(20) NOT NULL,
  `sunday` varchar(20) NOT NULL,
  PRIMARY KEY (`shops_id`),
  KEY `fk_opening_times_shops1_idx` (`shops_id`),
  CONSTRAINT `fk_opening_times_shops1` FOREIGN KEY (`shops_id`) REFERENCES `shops` (`id`) ON DELETE NO ACTION ON UPDATE NO ACTION
) ENGINE=InnoDB DEFAULT CHARSET=latin1;
/*!40101 SET character_set_client = @saved_cs_client */;

--
-- Dumping data for table `opening_times`
--

LOCK TABLES `opening_times` WRITE;
/*!40000 ALTER TABLE `opening_times` DISABLE KEYS */;
INSERT INTO `opening_times` VALUES (1,'09:30-18:30','09:30-18:30','09:30-18:30','09:30-18:30','09:30-18:30','09:30-12:30','CLOSED'),(2,'09:30-18:30','09:30-18:30','09:30-18:30','09:30-18:30','09:30-18:30','09:30-12:30','07:30-12:30'),(3,'07:30-18:30','07:30-18:30','06:30-12:30','07:30-18:30','07:30-18:30','07:30-18:30','07:30-12:30');
/*!40000 ALTER TABLE `opening_times` ENABLE KEYS */;
UNLOCK TABLES;

--
-- Table structure for table `orders`
--

DROP TABLE IF EXISTS `orders`;
/*!40101 SET @saved_cs_client     = @@character_set_client */;
/*!40101 SET character_set_client = utf8 */;
CREATE TABLE `orders` (
  `id` int(11) NOT NULL AUTO_INCREMENT,
  `creationDate` datetime NOT NULL,
  `completed` tinyint(1) NOT NULL,
  `available` tinyint(1) NOT NULL,
  `expiryDate` datetime NOT NULL,
  `paid` tinyint(1) NOT NULL,
  `shops_id` int(11) NOT NULL,
  `addresses_id` int(11) NOT NULL,
  `applicant_id` int(11) NOT NULL,
  PRIMARY KEY (`id`),
  KEY `fk_orders_shops1_idx` (`shops_id`),
  KEY `fk_orders_addresses1_idx` (`addresses_id`),
  KEY `fk_orders_addresses2_idx` (`applicant_id`),
  CONSTRAINT `fk_orders_addresses1` FOREIGN KEY (`addresses_id`) REFERENCES `addresses` (`id`) ON DELETE NO ACTION ON UPDATE NO ACTION,
  CONSTRAINT `fk_orders_addresses2` FOREIGN KEY (`applicant_id`) REFERENCES `addresses` (`users_id`) ON DELETE NO ACTION ON UPDATE NO ACTION,
  CONSTRAINT `fk_orders_shops1` FOREIGN KEY (`shops_id`) REFERENCES `shops` (`id`) ON DELETE NO ACTION ON UPDATE NO ACTION
) ENGINE=InnoDB DEFAULT CHARSET=utf8;
/*!40101 SET character_set_client = @saved_cs_client */;

--
-- Dumping data for table `orders`
--

LOCK TABLES `orders` WRITE;
/*!40000 ALTER TABLE `orders` DISABLE KEYS */;
INSERT INTO `orders` VALUES (1,'2016-05-25 20:45:49',0,1,'2017-03-28 09:43:25',0,6,74,18),(2,'2017-02-06 01:41:41',1,0,'2016-06-05 07:15:21',1,69,19,5),(3,'2017-03-21 06:31:30',1,0,'2017-03-25 19:41:56',1,7,31,56),(4,'2016-11-16 22:28:58',1,0,'2016-07-18 03:42:05',1,85,1,15),(5,'2016-07-19 00:34:12',1,1,'2016-09-14 07:28:52',0,66,99,81),(6,'2016-10-31 00:18:45',1,0,'2017-02-11 11:55:31',1,45,76,17),(7,'2017-04-10 23:36:41',0,0,'2017-01-15 02:51:49',0,65,70,84),(8,'2016-12-18 22:54:34',0,1,'2016-12-18 11:46:57',0,12,41,54),(9,'2016-12-10 18:09:04',0,1,'2016-07-28 07:03:20',1,89,56,90),(10,'2016-07-27 01:19:55',0,1,'2016-05-22 17:34:54',1,34,56,16),(11,'2016-11-17 00:08:54',0,0,'2016-08-12 14:28:56',1,64,49,58),(12,'2016-12-14 18:09:04',0,1,'2016-10-16 20:39:40',0,85,2,76),(13,'2016-06-05 03:20:51',0,0,'2017-04-30 03:44:06',1,39,13,42),(14,'2017-04-08 20:54:00',0,0,'2016-06-11 11:48:48',0,60,32,12),(15,'2016-05-10 16:26:35',0,1,'2016-09-11 10:34:34',0,40,70,65),(16,'2016-07-02 13:08:44',0,0,'2016-07-20 02:48:01',1,43,84,4),(17,'2017-02-11 13:15:56',1,0,'2017-03-28 14:33:25',1,88,51,94),(18,'2016-08-15 00:41:05',0,1,'2016-11-15 08:51:10',0,94,36,18),(19,'2016-05-10 15:58:49',0,1,'2016-07-23 05:19:07',0,68,15,54),(20,'2016-05-26 21:24:11',1,0,'2017-04-02 19:43:18',1,44,67,89),(21,'2016-06-29 17:10:02',0,1,'2016-12-20 11:53:54',0,27,63,87),(22,'2017-02-16 04:32:33',1,1,'2016-12-24 18:20:14',0,68,48,57),(23,'2016-05-25 14:51:51',1,0,'2017-02-09 23:57:47',0,32,92,13),(24,'2016-07-04 23:55:03',0,1,'2016-08-29 06:05:45',1,51,87,24),(25,'2016-08-22 11:56:28',1,0,'2017-03-19 19:30:03',0,89,9,93),(26,'2016-05-06 19:01:54',1,1,'2016-06-26 16:34:50',0,56,37,20),(27,'2017-04-02 17:02:08',0,0,'2017-02-07 20:37:40',0,59,99,35),(28,'2017-02-12 15:48:28',0,0,'2017-04-18 17:16:59',1,100,49,33),(29,'2016-10-26 09:09:01',1,0,'2016-06-25 22:52:44',1,89,99,8),(30,'2016-12-02 13:38:24',1,0,'2016-05-19 06:11:41',0,83,2,65),(31,'2016-09-10 12:01:37',0,1,'2016-10-06 04:40:46',1,71,20,87),(32,'2017-02-28 06:17:49',1,0,'2016-09-09 06:08:53',0,16,74,75),(33,'2017-02-26 23:59:53',1,1,'2016-12-24 13:12:48',1,3,18,37),(34,'2016-06-28 15:09:16',1,0,'2016-06-14 19:23:56',0,19,72,60),(35,'2016-06-18 05:11:37',1,1,'2016-12-12 22:00:36',0,63,90,98),(36,'2017-01-12 21:24:19',0,1,'2016-12-06 09:25:50',1,65,16,14),(37,'2016-06-09 05:08:06',1,1,'2017-02-04 20:04:11',0,29,59,14),(38,'2016-12-15 18:19:54',1,1,'2016-09-16 22:01:39',1,3,6,15),(39,'2017-01-30 01:20:11',1,1,'2016-09-01 15:55:51',1,53,51,76),(40,'2017-03-22 19:04:00',0,0,'2017-03-18 07:43:27',0,17,74,62),(41,'2016-08-13 19:02:55',1,0,'2016-05-08 04:40:39',0,8,13,33),(42,'2016-05-04 21:07:49',1,0,'2017-03-29 09:44:24',1,5,32,53),(43,'2016-05-30 09:19:19',0,0,'2016-11-18 01:32:57',1,57,18,34),(44,'2016-06-04 14:07:04',0,1,'2016-05-12 04:18:52',0,95,15,18),(45,'2016-08-24 22:34:50',0,0,'2017-03-12 18:43:40',1,37,98,28),(46,'2016-05-03 16:56:55',0,0,'2016-12-25 14:50:54',1,99,100,38),(47,'2017-02-19 21:16:15',0,1,'2016-05-09 02:34:32',0,6,61,6),(48,'2016-10-16 08:45:27',1,0,'2016-08-19 08:27:06',0,46,4,69),(49,'2016-05-08 04:22:57',0,0,'2016-06-21 08:16:19',1,19,82,4),(50,'2016-09-06 00:54:52',1,1,'2016-11-30 11:05:45',1,69,83,91),(51,'2016-12-18 17:15:49',1,1,'2016-08-04 18:14:33',0,73,63,80),(52,'2016-06-04 04:35:50',1,0,'2016-09-18 21:14:43',1,73,64,56),(53,'2017-04-26 09:15:51',1,0,'2017-03-18 13:21:51',1,80,40,41),(54,'2017-03-23 11:47:58',0,1,'2016-10-14 01:01:36',1,90,2,66),(55,'2016-12-31 00:03:10',0,1,'2016-06-15 23:53:42',0,97,44,20),(56,'2016-11-26 06:17:51',1,1,'2016-05-13 02:34:06',1,13,75,49),(57,'2016-10-16 04:51:46',1,1,'2016-10-06 02:50:45',1,23,57,19),(58,'2016-10-15 22:58:08',1,1,'2016-09-29 02:11:52',0,13,50,18),(59,'2016-12-05 15:15:38',0,0,'2016-05-12 11:33:58',1,42,11,24),(60,'2017-05-01 02:41:13',0,0,'2016-08-31 18:43:33',1,4,22,72),(61,'2016-09-03 11:02:09',0,0,'2016-10-14 04:01:29',0,51,92,74),(62,'2016-06-14 18:48:54',0,0,'2016-10-07 16:35:10',1,57,98,10),(63,'2016-10-16 15:59:37',1,1,'2016-07-18 15:34:20',0,99,76,71),(64,'2016-12-02 15:29:42',1,1,'2017-04-27 18:53:06',0,94,23,89),(65,'2016-11-15 07:57:05',1,0,'2016-05-15 07:36:09',1,92,48,45),(66,'2016-05-08 10:05:51',1,1,'2016-06-28 15:05:02',0,5,94,60),(67,'2016-07-11 15:17:12',0,0,'2017-03-18 17:40:33',0,88,18,29),(68,'2017-03-30 18:53:20',0,1,'2016-11-09 07:43:44',0,92,49,79),(69,'2016-12-04 02:12:54',0,0,'2017-01-17 17:40:15',0,55,48,63),(70,'2017-01-19 05:25:11',0,1,'2016-09-12 04:27:11',0,28,35,69),(71,'2016-09-29 17:36:20',1,1,'2016-09-03 07:39:34',1,91,29,21),(72,'2016-09-02 02:09:42',1,0,'2016-10-01 11:08:31',1,80,93,18),(73,'2016-06-29 15:06:27',0,1,'2016-05-30 21:22:21',0,4,11,76),(74,'2017-04-15 08:46:44',0,0,'2016-11-05 20:11:28',0,2,8,72),(75,'2017-03-28 06:39:15',0,1,'2016-05-28 12:04:20',1,45,2,5),(76,'2016-08-07 07:58:43',0,0,'2017-03-05 03:43:45',1,37,96,67),(77,'2017-02-24 10:15:25',1,1,'2017-03-07 12:07:20',0,34,95,52),(78,'2017-02-28 03:04:48',1,0,'2016-07-05 14:03:41',0,70,55,94),(79,'2016-09-11 16:12:16',0,0,'2016-07-28 13:56:45',1,76,16,8),(80,'2016-10-06 05:46:58',0,0,'2016-06-15 09:32:47',0,59,25,86),(81,'2016-08-07 18:41:59',1,1,'2016-11-20 21:55:42',0,78,14,26),(82,'2016-11-30 14:00:03',0,0,'2016-05-07 23:01:14',0,27,37,71),(83,'2017-04-26 10:04:07',0,1,'2016-08-17 10:50:24',0,43,30,61),(84,'2016-05-29 15:44:09',1,0,'2016-06-06 08:33:50',1,41,99,53),(85,'2016-11-08 00:42:25',0,1,'2016-06-23 18:20:20',1,30,48,37),(86,'2017-04-12 10:33:11',1,1,'2016-12-05 15:57:06',0,33,77,36),(87,'2017-02-24 09:35:49',0,0,'2016-10-23 03:16:25',1,12,3,33),(88,'2016-11-14 04:08:04',0,1,'2017-04-08 00:26:43',0,48,55,92),(89,'2016-09-18 15:07:22',1,0,'2017-03-25 19:48:12',1,11,82,43),(90,'2016-12-14 13:37:51',1,1,'2016-12-22 09:39:51',0,97,19,38),(91,'2016-07-18 16:42:06',0,0,'2016-11-05 04:07:46',1,42,94,59),(92,'2016-10-01 21:09:21',1,1,'2017-02-18 04:04:30',0,83,92,11),(93,'2016-10-25 22:10:12',0,1,'2017-04-03 16:52:28',1,92,78,11),(94,'2016-07-12 05:34:28',0,1,'2017-01-13 09:56:42',0,87,34,41),(95,'2017-04-13 01:03:31',1,1,'2017-04-01 16:28:06',0,53,21,89),(96,'2017-02-06 09:07:52',0,1,'2016-07-02 00:20:31',1,97,17,1),(97,'2016-10-27 06:41:35',0,1,'2016-08-05 05:20:58',1,30,99,32),(98,'2017-03-29 23:58:04',1,1,'2016-11-20 14:54:12',1,86,94,46),(99,'2017-02-12 19:11:54',1,1,'2017-04-19 21:57:03',1,16,84,28),(100,'2016-05-25 17:46:27',1,1,'2016-12-02 08:40:18',0,68,38,88);
/*!40000 ALTER TABLE `orders` ENABLE KEYS */;
UNLOCK TABLES;

--
-- Table structure for table `orders_has_products`
--

DROP TABLE IF EXISTS `orders_has_products`;
/*!40101 SET @saved_cs_client     = @@character_set_client */;
/*!40101 SET character_set_client = utf8 */;
CREATE TABLE `orders_has_products` (
  `orders_id` int(11) NOT NULL,
  `products_id` int(11) NOT NULL,
  `amount` int(11) NOT NULL,
  PRIMARY KEY (`orders_id`),
  KEY `fk_orders_has_products_products1_idx` (`products_id`),
  KEY `fk_orders_has_products_orders1_idx` (`orders_id`),
  CONSTRAINT `fk_orders_has_products_orders1` FOREIGN KEY (`orders_id`) REFERENCES `orders` (`id`) ON DELETE NO ACTION ON UPDATE NO ACTION,
  CONSTRAINT `fk_orders_has_products_products1` FOREIGN KEY (`products_id`) REFERENCES `products` (`id`) ON DELETE NO ACTION ON UPDATE NO ACTION
) ENGINE=InnoDB DEFAULT CHARSET=utf8;
/*!40101 SET character_set_client = @saved_cs_client */;

--
-- Dumping data for table `orders_has_products`
--

LOCK TABLES `orders_has_products` WRITE;
/*!40000 ALTER TABLE `orders_has_products` DISABLE KEYS */;
INSERT INTO `orders_has_products` VALUES (1,56,17),(2,42,5),(3,6,20),(4,91,16),(5,77,12),(6,8,16),(7,51,15),(8,24,13),(9,9,6),(10,23,18),(11,45,12),(12,74,20),(13,78,8),(14,94,17),(15,77,6),(16,69,4),(17,38,10),(18,89,18),(19,47,12),(20,37,6),(21,26,3),(22,78,10),(23,4,4),(24,87,10),(25,75,14),(26,97,11),(27,18,17),(28,80,18),(29,38,20),(30,92,9),(31,25,15),(32,20,1),(33,14,11),(34,40,8),(35,94,13),(36,99,20),(37,39,19),(38,47,6),(39,73,1),(40,9,16),(41,75,4),(42,63,6),(43,72,17),(44,26,10),(45,54,18),(46,91,10),(47,90,19),(48,54,11),(49,12,11),(50,8,6),(51,71,4),(52,79,11),(53,99,6),(54,31,5),(55,96,17),(56,59,4),(57,37,8),(58,96,11),(59,98,15),(60,15,2),(61,4,2),(62,84,11),(63,51,1),(64,29,17),(65,78,19),(66,89,8),(67,86,10),(68,72,1),(69,71,18),(70,77,16),(71,76,8),(72,82,3),(73,98,11),(74,17,8),(75,76,10),(76,45,17),(77,68,10),(78,55,11),(79,59,17),(80,96,19),(81,72,18),(82,33,17),(83,78,15),(84,37,6),(85,70,5),(86,99,12),(87,96,5),(88,37,14),(89,8,20),(90,10,8),(91,7,8),(92,38,8),(93,38,13),(94,76,10),(95,77,4),(96,78,10),(97,28,19),(98,12,15),(99,55,13),(100,81,20);
/*!40000 ALTER TABLE `orders_has_products` ENABLE KEYS */;
UNLOCK TABLES;

--
-- Table structure for table `products`
--

DROP TABLE IF EXISTS `products`;
/*!40101 SET @saved_cs_client     = @@character_set_client */;
/*!40101 SET character_set_client = utf8 */;
CREATE TABLE `products` (
  `id` int(11) NOT NULL AUTO_INCREMENT,
  `name` varchar(45) NOT NULL,
  `price` double NOT NULL,
  `available` tinyint(1) NOT NULL,
  `category` varchar(45) NOT NULL,
  `shops_id` int(11) NOT NULL,
  `description` varchar(25) DEFAULT NULL,
  `price_per_kg` tinyint(1) NOT NULL,
  `imageName` varchar(45) DEFAULT NULL,
  PRIMARY KEY (`id`),
  KEY `fk_products_shops1_idx` (`shops_id`),
  CONSTRAINT `fk_products_shops1` FOREIGN KEY (`shops_id`) REFERENCES `shops` (`id`) ON DELETE NO ACTION ON UPDATE NO ACTION
) ENGINE=InnoDB DEFAULT CHARSET=utf8;
/*!40101 SET character_set_client = @saved_cs_client */;

--
-- Dumping data for table `products`
--

LOCK TABLES `products` WRITE;
/*!40000 ALTER TABLE `products` DISABLE KEYS */;
INSERT INTO `products` VALUES (1,'est, congue',5.94,1,'noodles',41,'nulla',0,'image2.png'),(2,'tincidunt, neque',7.15,0,'sandwiches',72,'arcu. Morbi',1,'image2.png'),(3,'dis parturient',7.62,1,'desserts',38,'in, cursus',1,'image1.png'),(4,'eleifend. Cras',6.92,1,'seafood',30,'Aliquam vulputate',1,'image5.png'),(5,'ligula elit,',0.97,1,'sandwiches',85,'laoreet posuere,',0,'image3.png'),(6,'amet ante.',1,0,'seafood',32,'ac, fermentum',0,'image2.png'),(7,'tristique senectus',9.95,1,'noodles',44,'non',0,'image4.png'),(8,'ac mi',0.27,0,'cereals',45,'nulla ante,',0,'image5.png'),(9,'Nulla eget',3.59,1,'soups',95,'Nunc',1,'image1.png'),(10,'tempus mauris',0.85,1,'seafood',79,'amet',1,'image4.png'),(11,'Aliquam vulputate',5.53,1,'pies',33,'Duis',1,'image1.png'),(12,'vulputate eu,',0.08,1,'seafood',34,'erat. Vivamus',1,'image3.png'),(13,'Fusce dolor',3.46,0,'sandwiches',100,'sem molestie',1,'image5.png'),(14,'nunc sit',1.65,0,'soups',9,'dui.',0,'image1.png'),(15,'eget odio.',8.21,0,'salads',30,'quis',1,'image3.png'),(16,'lobortis quam',8.74,0,'desserts',100,'Duis',1,'image4.png'),(17,'et netus',0.83,1,'soups',19,'non, bibendum',0,'image1.png'),(18,'Phasellus vitae',4.22,1,'stews',48,'Donec',0,'image2.png'),(19,'gravida sit',2.17,1,'pies',20,'fringilla, porttitor',1,'image2.png'),(20,'sem eget',4.23,1,'salads',68,'Vivamus',0,'image4.png'),(21,'fames ac',8.69,1,'seafood',83,'malesuada ut,',0,'image5.png'),(22,'In mi',4.35,0,'pasta',33,'Nunc',1,'image5.png'),(23,'ullamcorper, velit',1.55,1,'salads',49,'dui. Suspendisse',1,'image1.png'),(24,'lacus. Quisque',6.18,0,'noodles',75,'dictum. Proin',1,'image1.png'),(25,'sed sem',3.04,1,'soups',18,'erat.',1,'image3.png'),(26,'lorem, eget',9.72,0,'pasta',48,'dui',0,'image5.png'),(27,'Etiam bibendum',6.53,0,'desserts',20,'Aenean',1,'image5.png'),(28,'elit, dictum',6.78,1,'noodles',23,'vulputate',0,'image1.png'),(29,'ipsum porta',3.32,1,'soups',42,'facilisi. Sed',0,'image4.png'),(30,'dolor dapibus',6.09,0,'pies',84,'erat,',1,'image4.png'),(31,'sodales. Mauris',2.89,1,'sandwiches',79,'Nulla',0,'image1.png'),(32,'faucibus lectus,',5.7,0,'salads',23,'nunc',1,'image2.png'),(33,'malesuada. Integer',8.74,1,'soups',73,'Fusce feugiat.',0,'image5.png'),(34,'id risus',2.75,0,'stews',48,'Lorem',0,'image1.png'),(35,'penatibus et',2.22,1,'stews',4,'rhoncus.',1,'image1.png'),(36,'ac, eleifend',5.42,0,'cereals',42,'Ut tincidunt',1,'image2.png'),(37,'dolor elit,',7,1,'pies',30,'non, dapibus',1,'image4.png'),(38,'molestie dapibus',6.25,0,'soups',98,'turpis non',1,'image1.png'),(39,'Aenean eget',0.68,0,'desserts',94,'Morbi',0,'image3.png'),(40,'augue porttitor',7.24,0,'desserts',27,'pellentesque',0,'image3.png'),(41,'id, blandit',7.18,1,'stews',14,'Curabitur dictum.',0,'image5.png'),(42,'tellus justo',4.7,1,'stews',3,'amet luctus',1,'image1.png'),(43,'accumsan sed,',6.96,1,'soups',34,'velit',0,'image1.png'),(44,'morbi tristique',1.54,1,'salads',60,'Aenean massa.',1,'image1.png'),(45,'Morbi quis',5.25,0,'stews',99,'ante',1,'image5.png'),(46,'magnis dis',8.06,1,'pasta',80,'Suspendisse',1,'image5.png'),(47,'imperdiet ullamcorper.',0.18,1,'stews',66,'Mauris molestie',0,'image5.png'),(48,'risus. Donec',5.9,1,'stews',74,'egestas',1,'image1.png'),(49,'Sed et',3.28,0,'desserts',89,'Ut sagittis',1,'image2.png'),(50,'scelerisque dui.',0.83,1,'stews',36,'Mauris molestie',0,'image1.png'),(51,'eu tellus.',5.5,1,'soups',16,'rutrum',0,'image3.png'),(52,'tellus justo',7.61,1,'pasta',35,'eu, ligula.',0,'image3.png'),(53,'velit in',1.64,0,'salads',51,'consequat enim',0,'image5.png'),(54,'at fringilla',0.58,1,'pies',74,'arcu.',0,'image4.png'),(55,'eget metus.',3.28,1,'pasta',53,'Sed auctor',1,'image5.png'),(56,'vitae, orci.',2.14,0,'soups',50,'mus.',0,'image1.png'),(57,'Donec vitae',5.13,1,'sandwiches',44,'arcu ac',1,'image1.png'),(58,'erat volutpat.',1.72,1,'pasta',87,'netus et',1,'image1.png'),(59,'ac orci.',3.65,1,'desserts',60,'habitant',0,'image1.png'),(60,'Integer tincidunt',7.42,0,'stews',39,'leo. Morbi',0,'image1.png'),(61,'In mi',7.35,1,'noodles',89,'vulputate,',1,'image3.png'),(62,'tempor diam',6.51,0,'sandwiches',53,'ridiculus',0,'image3.png'),(63,'cursus non,',9.9,1,'desserts',98,'tristique',1,'image4.png'),(64,'velit. Pellentesque',5.74,1,'soups',31,'sem',0,'image1.png'),(65,'Cras sed',9.69,0,'seafood',64,'et tristique',1,'image4.png'),(66,'erat. Vivamus',9.62,0,'soups',61,'ut',0,'image5.png'),(67,'eu erat',7.86,0,'sandwiches',32,'imperdiet',1,'image3.png'),(68,'penatibus et',2.06,0,'noodles',97,'aliquet magna',1,'image3.png'),(69,'metus eu',2.57,0,'sandwiches',61,'ligula',0,'image3.png'),(70,'gravida. Aliquam',8.24,1,'stews',59,'tempus mauris',0,'image4.png'),(71,'augue eu',7.28,0,'pies',75,'sed,',1,'image3.png'),(72,'Mauris quis',0.53,0,'pies',91,'rhoncus id,',1,'image5.png'),(73,'Aenean euismod',3.76,0,'sandwiches',98,'nonummy ipsum',0,'image1.png'),(74,'nunc est,',9.83,0,'noodles',44,'nibh.',1,'image2.png'),(75,'nisi. Cum',8.67,0,'soups',48,'ligula. Aenean',0,'image4.png'),(76,'a odio',4.87,0,'stews',63,'Sed molestie.',0,'image4.png'),(77,'id risus',8.21,0,'pasta',98,'eu,',0,'image3.png'),(78,'at arcu.',9.99,0,'cereals',28,'Nam interdum',1,'image3.png'),(79,'Quisque ornare',6.38,1,'noodles',30,'placerat velit.',0,'image3.png'),(80,'mollis. Phasellus',9.2,1,'pasta',73,'est ac',1,'image2.png'),(81,'nulla at',5.8,1,'stews',78,'metus sit',1,'image5.png'),(82,'eu elit.',0.63,0,'seafood',16,'Nunc',0,'image5.png'),(83,'adipiscing ligula.',7.83,1,'stews',100,'varius. Nam',0,'image1.png'),(84,'aliquet vel,',4.07,1,'seafood',21,'vitae',0,'image2.png'),(85,'euismod mauris',0.18,0,'salads',42,'Duis at',0,'image2.png'),(86,'Duis elementum,',0.03,0,'pasta',98,'vel',0,'image2.png'),(87,'convallis ligula.',1.6,1,'desserts',42,'tincidunt dui',0,'image2.png'),(88,'enim, sit',4.32,1,'desserts',70,'lacus',0,'image1.png'),(89,'mauris a',8.41,0,'pies',92,'pede,',0,'image5.png'),(90,'lorem, auctor',0.98,0,'seafood',57,'rhoncus. Nullam',1,'image2.png'),(91,'cursus et,',0.36,0,'pasta',80,'urna. Ut',1,'image5.png'),(92,'Suspendisse eleifend.',4.33,0,'seafood',19,'velit',0,'image5.png'),(93,'placerat, augue.',9.04,0,'stews',88,'Mauris vel',0,'image4.png'),(94,'Nam porttitor',7.99,0,'soups',93,'Nullam scelerisque',0,'image5.png'),(95,'elit, pharetra',9.74,0,'desserts',66,'tempor erat',0,'image3.png'),(96,'habitant morbi',2.73,0,'stews',29,'leo.',1,'image4.png'),(97,'gravida mauris',7.09,0,'sandwiches',74,'natoque',1,'image5.png'),(98,'Donec tincidunt.',0.94,1,'pies',13,'amet metus.',0,'image4.png'),(99,'fringilla cursus',5.61,0,'sandwiches',26,'hymenaeos.',1,'image2.png'),(100,'tincidunt, neque',8.41,0,'desserts',74,'Proin',0,'image4.png'),(101,'urna suscipit nonummy.',7.76,1,'desserts',25,'quam.',1,'image1.png'),(102,'ultrices sit',7.61,0,'soups',5,'a odio',1,'image5.png'),(103,'In',9.31,0,'pies',99,'lobortis',1,'image4.png'),(104,'non leo.',1.05,0,'cereals',6,'molestie',1,'image4.png'),(105,'lectus rutrum urna,',9.73,1,'cereals',11,'blandit.',0,'image5.png'),(106,'Nunc quis arcu',0.96,0,'salads',47,'rutrum',1,'image5.png'),(107,'elit',4.04,0,'noodles',83,'cubilia Curae;',0,'image1.png'),(108,'non, lobortis',0.68,0,'soups',71,'dui',1,'image3.png'),(109,'eget',7.33,1,'desserts',73,'sit',0,'image4.png'),(110,'nec',3.62,0,'pasta',40,'cursus',1,'image1.png'),(111,'Donec tempor, est',3.27,0,'soups',4,'et pede.',1,'image5.png'),(112,'nonummy ultricies',0.15,1,'stews',33,'at, libero.',0,'image3.png'),(113,'lacus. Aliquam rutrum',1.38,0,'salads',89,'suscipit, est',1,'image5.png'),(114,'metus.',3.45,0,'soups',55,'et magnis',0,'image5.png'),(115,'malesuada augue',9.02,0,'stews',62,'amet orci.',1,'image4.png'),(116,'mauris elit, dictum',1.66,0,'salads',13,'sagittis',0,'image1.png'),(117,'velit',4.55,0,'noodles',68,'hendrerit.',1,'image2.png'),(118,'Proin dolor. Nulla',8.19,1,'pies',29,'Donec',1,'image2.png'),(119,'ante ipsum primis',2.22,1,'noodles',43,'scelerisque dui.',0,'image1.png'),(120,'eu, accumsan sed,',7.46,1,'sandwiches',24,'laoreet, libero',0,'image3.png'),(121,'pretium',0.2,1,'stews',75,'vitae',0,'image2.png'),(122,'leo. Morbi',3.42,0,'seafood',71,'In',0,'image5.png'),(123,'vitae',6.81,0,'noodles',5,'eu, euismod',0,'image5.png'),(124,'iaculis enim, sit',9.85,0,'stews',19,'id, blandit',1,'image1.png'),(125,'ultricies ornare, elit',5.22,1,'desserts',64,'libero',1,'image2.png'),(126,'feugiat non,',5.66,0,'soups',57,'quis diam',0,'image4.png'),(127,'lacinia vitae, sodales',3.74,0,'noodles',25,'facilisis. Suspendisse',0,'image3.png'),(128,'at',3.42,0,'pasta',6,'quis',1,'image1.png'),(129,'sit amet nulla.',6.8,1,'pasta',53,'arcu.',1,'image4.png'),(130,'auctor velit.',2.54,1,'salads',74,'vitae,',1,'image2.png'),(131,'scelerisque',1,0,'desserts',54,'nec,',0,'image3.png'),(132,'at lacus. Quisque',3.7,0,'seafood',83,'adipiscing',1,'image3.png'),(133,'vulputate, lacus.',8.08,0,'stews',2,'a',1,'image2.png'),(134,'torquent per conubia',5.86,0,'salads',34,'orci',0,'image2.png'),(135,'Quisque libero',1.23,1,'soups',30,'natoque',1,'image1.png'),(136,'Donec consectetuer mauris',7.09,0,'pies',67,'sit amet',1,'image1.png'),(137,'cubilia',0.83,1,'soups',77,'ante.',1,'image5.png'),(138,'erat volutpat.',5.66,1,'seafood',42,'Nullam',0,'image4.png'),(139,'semper cursus. Integer',3.3,0,'pies',6,'et netus',0,'image4.png'),(140,'Donec tempor, est',1.87,1,'noodles',26,'fames ac',0,'image3.png'),(141,'vitae',3.91,1,'desserts',95,'lorem, eget',0,'image5.png'),(142,'tempor bibendum.',2.17,0,'seafood',4,'Nulla',1,'image3.png'),(143,'in, cursus',1.47,0,'pasta',12,'elit',1,'image3.png'),(144,'facilisis. Suspendisse commodo',5.8,1,'sandwiches',84,'Phasellus elit',0,'image1.png'),(145,'quis arcu',1.92,0,'cereals',4,'convallis',1,'image2.png'),(146,'vel,',2.16,1,'cereals',80,'mollis',0,'image5.png'),(147,'imperdiet, erat',1.36,1,'desserts',99,'faucibus',1,'image5.png'),(148,'tincidunt,',6.74,0,'soups',76,'hendrerit',0,'image4.png'),(149,'congue. In scelerisque',1.7,1,'salads',1,'varius. Nam',1,'image4.png'),(150,'turpis non enim.',9.42,0,'sandwiches',81,'malesuada',1,'image4.png'),(151,'purus',6.22,1,'noodles',58,'mattis.',1,'image4.png'),(152,'libero at auctor',2.22,1,'cereals',99,'mi fringilla',0,'image4.png'),(153,'sed pede',2.73,1,'soups',27,'augue',0,'image5.png'),(154,'eu elit.',4.72,1,'cereals',32,'lectus',1,'image2.png'),(155,'magna.',1.2,0,'desserts',82,'non',0,'image4.png'),(156,'Nulla interdum. Curabitur',5.36,1,'pies',86,'ante',1,'image4.png'),(157,'Donec tincidunt. Donec',0.5,1,'pasta',2,'sem elit,',0,'image5.png'),(158,'id,',1.54,0,'salads',41,'elit, pharetra',1,'image5.png'),(159,'nibh vulputate mauris',3.91,0,'noodles',85,'facilisis.',0,'image2.png'),(160,'sit',4.19,0,'noodles',59,'quam. Pellentesque',1,'image5.png'),(161,'Cras eu tellus',5.63,1,'cereals',86,'tellus. Nunc',0,'image3.png'),(162,'malesuada',9.32,0,'pasta',93,'Donec',0,'image5.png'),(163,'tempus, lorem fringilla',1.95,1,'noodles',47,'egestas,',0,'image5.png'),(164,'tristique',9.87,1,'noodles',5,'hendrerit a,',0,'image2.png'),(165,'pede et risus.',8.68,1,'sandwiches',30,'Suspendisse',1,'image2.png'),(166,'sem',6.89,0,'salads',63,'molestie',0,'image1.png'),(167,'ligula elit, pretium',5.5,0,'sandwiches',27,'ac',1,'image4.png'),(168,'eleifend',0.62,0,'desserts',63,'magna.',0,'image5.png'),(169,'Suspendisse eleifend.',8.44,1,'noodles',30,'sagittis semper.',1,'image1.png'),(170,'eget massa.',8.81,0,'pies',63,'tincidunt',1,'image4.png'),(171,'posuere cubilia Curae;',4.92,0,'pasta',46,'morbi tristique',0,'image1.png'),(172,'malesuada',4.56,0,'salads',33,'ullamcorper,',1,'image5.png'),(173,'Nullam',8.47,0,'seafood',26,'a,',1,'image1.png'),(174,'libero.',1.95,1,'pasta',64,'pharetra,',1,'image2.png'),(175,'consequat',9.54,0,'pasta',71,'Nunc',0,'image4.png'),(176,'amet',5.37,0,'pies',24,'mollis.',0,'image2.png'),(177,'malesuada',9.46,1,'salads',43,'eget nisi',1,'image5.png'),(178,'eget',2.25,0,'pies',49,'aliquet nec,',0,'image1.png'),(179,'dui augue',9.97,0,'stews',41,'fringilla',0,'image2.png'),(180,'at,',0.49,1,'desserts',56,'cursus in,',1,'image4.png'),(181,'magnis dis',2.8,1,'stews',94,'euismod',0,'image1.png'),(182,'Cum',7.53,1,'seafood',19,'non',0,'image2.png'),(183,'elementum, dui',4.41,0,'salads',61,'ligula. Nullam',0,'image1.png'),(184,'libero nec',2.2,0,'pies',68,'tempus, lorem',0,'image2.png'),(185,'ornare',6.67,0,'pasta',59,'venenatis',0,'image2.png'),(186,'luctus. Curabitur',4.62,1,'seafood',62,'Integer',1,'image3.png'),(187,'enim',0.17,1,'stews',69,'In mi',0,'image3.png'),(188,'dolor',0.4,1,'stews',84,'euismod enim.',0,'image5.png'),(189,'dui. Suspendisse ac',9.97,0,'pies',67,'et',0,'image1.png'),(190,'Cras sed leo.',8.29,1,'soups',95,'mattis semper,',1,'image5.png'),(191,'iaculis odio. Nam',7.99,1,'soups',53,'pellentesque a,',1,'image2.png'),(192,'Aliquam rutrum lorem',3.51,0,'cereals',5,'enim',1,'image4.png'),(193,'ante, iaculis nec,',8.93,1,'cereals',42,'sit',1,'image5.png'),(194,'adipiscing fringilla,',4.29,0,'salads',73,'lorem lorem,',0,'image1.png'),(195,'Cras',7.49,0,'pies',26,'enim. Curabitur',1,'image4.png'),(196,'Nunc pulvinar',5.26,0,'seafood',9,'semper',0,'image4.png'),(197,'posuere cubilia',7.25,1,'stews',22,'ullamcorper. Duis',0,'image3.png'),(198,'et ultrices',8.67,0,'salads',25,'Proin eget',0,'image3.png'),(199,'interdum ligula eu',7.49,1,'soups',68,'nec',1,'image1.png'),(200,'a, scelerisque sed,',1.14,0,'cereals',85,'ipsum.',0,'image1.png'),(201,'et netus',0.35,0,'pasta',26,'feugiat',1,'image1.png'),(202,'neque. Morbi quis',4.26,0,'soups',78,'sit amet,',1,'image1.png'),(203,'Aliquam erat',2.7,1,'sandwiches',80,'sociis natoque',0,'image5.png'),(204,'Curabitur',7.18,1,'soups',88,'Nulla tincidunt,',0,'image1.png'),(205,'accumsan neque et',4.76,1,'sandwiches',33,'ac',1,'image2.png'),(206,'conubia nostra,',0.82,1,'seafood',42,'hendrerit a,',1,'image5.png'),(207,'a',1.72,0,'stews',39,'metus.',0,'image5.png'),(208,'sed dui. Fusce',0.2,1,'sandwiches',29,'quis turpis',1,'image4.png'),(209,'Phasellus',1.89,0,'pies',14,'volutpat.',1,'image2.png'),(210,'tincidunt nibh. Phasellus',8.7,0,'noodles',18,'mus.',1,'image2.png'),(211,'Sed nulla',8.95,1,'soups',88,'a feugiat',1,'image1.png'),(212,'augue ac ipsum.',6.59,0,'desserts',30,'Vivamus nibh',0,'image2.png'),(213,'auctor.',2.2,1,'seafood',79,'mauris',1,'image3.png'),(214,'id, libero. Donec',7.48,0,'desserts',86,'sagittis',0,'image3.png'),(215,'eros. Nam',8.41,0,'desserts',71,'pellentesque. Sed',0,'image5.png'),(216,'nunc, ullamcorper eu,',3.55,0,'soups',21,'erat volutpat.',1,'image3.png'),(217,'nec tempus',4.85,0,'pies',50,'Nulla',0,'image4.png'),(218,'quis diam.',6.58,1,'cereals',48,'Vestibulum ut',0,'image3.png'),(219,'Sed',5.92,0,'soups',60,'ipsum',0,'image3.png'),(220,'Suspendisse non leo.',4.07,0,'soups',39,'Proin vel',0,'image4.png'),(221,'malesuada id, erat.',3.85,1,'stews',9,'dis',1,'image4.png'),(222,'Phasellus',4.16,0,'noodles',44,'eu',0,'image3.png'),(223,'nisi a',0.59,1,'cereals',94,'nisi.',0,'image4.png'),(224,'lorem vitae',5.88,1,'desserts',2,'ut, nulla.',1,'image2.png'),(225,'Maecenas mi',4.1,0,'noodles',82,'Donec',1,'image2.png'),(226,'augue',4.13,1,'seafood',36,'vel sapien',0,'image4.png'),(227,'mauris, aliquam',9.75,1,'pies',50,'amet,',0,'image3.png'),(228,'mauris id sapien.',6.76,1,'pasta',83,'in',1,'image1.png'),(229,'in',2.61,1,'pies',72,'Morbi metus.',0,'image3.png'),(230,'erat',4.45,0,'noodles',89,'vitae, orci.',0,'image1.png'),(231,'eleifend',8.69,0,'cereals',54,'Nunc mauris',1,'image4.png'),(232,'magna tellus faucibus',6.37,0,'noodles',97,'nulla.',1,'image2.png'),(233,'tellus lorem',6.74,1,'salads',47,'facilisis,',0,'image4.png'),(234,'nec ante.',9.21,0,'soups',12,'elit, pellentesque',0,'image2.png'),(235,'sapien, cursus in,',7.66,1,'soups',88,'Sed',0,'image3.png'),(236,'eu',8.96,0,'stews',62,'vel lectus.',0,'image1.png'),(237,'nibh. Donec',4.39,1,'salads',32,'tristique',0,'image2.png'),(238,'Donec consectetuer',4.17,1,'pasta',68,'aliquam',0,'image1.png'),(239,'justo nec',3.79,1,'desserts',41,'a,',0,'image4.png'),(240,'sapien. Cras dolor',6.99,0,'stews',87,'magnis dis',1,'image3.png'),(241,'Nulla',3.34,1,'stews',40,'tempus mauris',0,'image4.png'),(242,'Curabitur',2.81,0,'cereals',53,'ac',0,'image3.png'),(243,'Phasellus dapibus quam',9.66,0,'desserts',33,'at',1,'image4.png'),(244,'sagittis',0.35,1,'salads',73,'Donec sollicitudin',0,'image4.png'),(245,'Morbi',4.96,1,'sandwiches',75,'mauris',1,'image2.png'),(246,'at fringilla purus',8.41,0,'noodles',53,'ornare. In',1,'image3.png'),(247,'Morbi',7.2,0,'pies',78,'lorem, sit',0,'image5.png'),(248,'varius orci,',6.18,1,'salads',80,'dui. Cum',1,'image1.png'),(249,'risus odio, auctor',4.92,0,'cereals',13,'dictum',1,'image4.png'),(250,'ultrices a,',6.68,1,'pasta',10,'rutrum lorem',1,'image4.png'),(251,'sem. Nulla interdum.',6.93,0,'pies',3,'porta elit,',1,'image5.png'),(252,'ac mattis velit',3.66,1,'cereals',88,'mauris.',1,'image3.png'),(253,'eleifend, nunc',2.71,0,'cereals',65,'vitae,',0,'image1.png'),(254,'orci.',0.96,1,'cereals',47,'Aliquam nisl.',1,'image4.png'),(255,'aliquam, enim nec',4.32,1,'soups',48,'ultrices. Duis',0,'image2.png'),(256,'molestie',5.77,0,'stews',9,'Vestibulum ante',1,'image3.png'),(257,'erat nonummy ultricies',0.9,1,'desserts',93,'gravida.',0,'image5.png'),(258,'at, velit. Cras',2.33,0,'noodles',66,'interdum.',1,'image3.png'),(259,'Aliquam erat volutpat.',9.45,0,'sandwiches',72,'enim,',0,'image5.png'),(260,'feugiat. Lorem ipsum',8.34,0,'soups',9,'purus gravida',1,'image2.png'),(261,'Morbi accumsan',8.24,1,'sandwiches',18,'varius orci,',1,'image4.png'),(262,'consectetuer adipiscing',2.24,1,'pasta',88,'aliquet',0,'image4.png'),(263,'nec, euismod in,',1.35,0,'salads',69,'tortor.',0,'image5.png'),(264,'imperdiet, erat',3.2,1,'seafood',57,'aliquet odio.',1,'image5.png'),(265,'Donec vitae',1.42,1,'sandwiches',14,'sed',0,'image5.png'),(266,'congue.',9.58,1,'stews',94,'Integer',1,'image4.png'),(267,'ut, sem.',0.94,0,'cereals',29,'elementum',1,'image2.png'),(268,'ornare, lectus',2.39,0,'soups',14,'dolor.',1,'image5.png'),(269,'Nunc ullamcorper,',4.23,1,'stews',47,'sed, facilisis',1,'image5.png'),(270,'mattis. Integer eu',9.9,0,'seafood',86,'in aliquet',0,'image1.png'),(271,'Quisque purus sapien,',9.07,0,'soups',58,'ornare, facilisis',0,'image4.png'),(272,'vitae mauris',8.52,1,'pasta',2,'sociis',1,'image4.png'),(273,'vulputate,',7.04,1,'pies',54,'placerat,',1,'image4.png'),(274,'at pretium',1.12,0,'soups',30,'ornare tortor',0,'image2.png'),(275,'vel arcu. Curabitur',9.14,0,'pies',16,'arcu iaculis',1,'image2.png'),(276,'fermentum arcu.',5.39,1,'pasta',57,'ligula.',1,'image3.png'),(277,'Mauris molestie pharetra',0.84,1,'stews',44,'et, rutrum',1,'image5.png'),(278,'vitae',9.97,1,'stews',33,'ante',0,'image5.png'),(279,'felis. Donec',1.25,0,'salads',59,'Quisque',1,'image4.png'),(280,'lacus pede sagittis',1.63,1,'seafood',70,'Quisque ac',1,'image5.png'),(281,'quam vel sapien',9.23,1,'seafood',61,'faucibus orci',0,'image4.png'),(282,'Phasellus',0.35,0,'noodles',21,'sociis',0,'image5.png'),(283,'auctor ullamcorper, nisl',7.46,0,'salads',29,'neque',0,'image3.png'),(284,'molestie',5.49,1,'pies',61,'nisi dictum',1,'image1.png'),(285,'vulputate,',6.87,0,'noodles',43,'ornare',0,'image3.png'),(286,'et netus',7.86,1,'cereals',64,'eu tellus.',0,'image5.png'),(287,'adipiscing elit. Curabitur',2.92,1,'seafood',99,'dolor,',1,'image1.png'),(288,'purus, accumsan',5.45,1,'sandwiches',8,'risus.',0,'image4.png'),(289,'at, libero.',1.95,0,'soups',96,'risus.',1,'image1.png'),(290,'Aliquam',3.57,1,'desserts',11,'ac',0,'image1.png'),(291,'ornare, elit',4.21,0,'salads',18,'nunc interdum',1,'image3.png'),(292,'Curabitur',2.39,1,'sandwiches',96,'Donec luctus',1,'image1.png'),(293,'dignissim tempor',9.4,0,'desserts',87,'tempus',0,'image2.png'),(294,'egestas ligula. Nullam',6.92,1,'stews',32,'leo.',1,'image5.png'),(295,'magnis',3.41,0,'sandwiches',13,'parturient montes,',1,'image4.png'),(296,'est',4.09,0,'pies',57,'imperdiet, erat',0,'image1.png'),(297,'feugiat. Sed nec',1.52,0,'sandwiches',82,'Mauris vel',0,'image4.png'),(298,'ridiculus mus. Proin',5.67,0,'pies',99,'Mauris quis',1,'image3.png'),(299,'Etiam gravida',1.97,1,'salads',30,'bibendum',0,'image1.png'),(300,'Sed neque.',6.86,1,'seafood',21,'magnis',1,'image4.png'),(301,'vel, convallis',0.31,0,'stews',11,'gravida sagittis.',0,'image2.png'),(302,'et',3.48,1,'pies',49,'Fusce feugiat.',1,'image3.png'),(303,'in, cursus',4.97,1,'salads',92,'velit',0,'image1.png'),(304,'ante. Vivamus',0.78,1,'soups',64,'posuere',0,'image2.png'),(305,'sit amet',5.15,0,'noodles',66,'luctus',1,'image3.png'),(306,'turpis nec',1.5,0,'seafood',86,'ornare. Fusce',1,'image3.png'),(307,'eu elit.',3.23,0,'pasta',50,'eu tellus.',0,'image4.png'),(308,'ac mattis semper,',2.47,0,'seafood',4,'vitae purus',0,'image1.png'),(309,'ligula. Aenean euismod',9.41,0,'cereals',26,'egestas. Aliquam',1,'image4.png'),(310,'elit. Nulla facilisi.',3.92,0,'pies',11,'orci, in',1,'image4.png'),(311,'vulputate, risus',9.34,1,'pasta',79,'lectus,',0,'image5.png'),(312,'libero nec',5.13,0,'sandwiches',25,'bibendum',1,'image2.png'),(313,'tristique pellentesque,',3.51,1,'pasta',11,'ullamcorper magna.',0,'image3.png'),(314,'in faucibus',9.33,1,'noodles',17,'lorem,',1,'image5.png'),(315,'metus vitae velit',4.09,1,'soups',24,'facilisi. Sed',0,'image3.png'),(316,'magnis dis parturient',3.51,1,'stews',24,'Donec luctus',0,'image4.png'),(317,'enim,',0.78,0,'soups',37,'in aliquet',1,'image5.png'),(318,'sed leo.',2.31,0,'cereals',59,'lectus',0,'image4.png'),(319,'lobortis',8.44,0,'seafood',92,'sed',1,'image4.png'),(320,'diam',9.87,1,'salads',99,'aliquam',0,'image1.png'),(321,'egestas',1.43,1,'stews',37,'porttitor',0,'image1.png'),(322,'sagittis lobortis mauris.',0.25,1,'cereals',56,'interdum',0,'image2.png'),(323,'arcu eu',0.22,1,'pies',84,'nonummy ut,',0,'image3.png'),(324,'vitae, aliquet nec,',7.97,1,'pies',88,'iaculis',0,'image1.png'),(325,'hendrerit',5.58,1,'seafood',56,'lectus pede',0,'image1.png'),(326,'accumsan',0.72,0,'salads',92,'natoque',1,'image1.png'),(327,'eget laoreet posuere,',0.22,1,'salads',6,'magna a',1,'image5.png'),(328,'Sed dictum.',6.91,0,'pies',66,'Nunc sed',1,'image1.png'),(329,'egestas ligula. Nullam',2.99,1,'pies',64,'Donec egestas.',1,'image3.png'),(330,'tortor. Nunc',5.91,1,'soups',54,'molestie',0,'image2.png'),(331,'rhoncus. Proin',7.51,0,'pies',17,'commodo tincidunt',0,'image2.png'),(332,'non',3.11,0,'salads',17,'purus. Duis',1,'image3.png'),(333,'Morbi',1.52,1,'pasta',45,'Vivamus',0,'image1.png'),(334,'purus. Nullam',3.12,1,'desserts',68,'ante ipsum',0,'image4.png'),(335,'Aliquam tincidunt,',2.05,0,'sandwiches',37,'Duis',1,'image2.png'),(336,'aliquam eu,',1.42,1,'desserts',82,'enim nec',1,'image5.png'),(337,'adipiscing.',1.73,1,'desserts',81,'nonummy ut,',1,'image3.png'),(338,'erat eget',4.84,1,'pies',22,'consectetuer',0,'image2.png'),(339,'Curabitur ut odio',2.95,1,'pasta',80,'enim',1,'image1.png'),(340,'euismod',0.24,1,'pies',13,'ultrices',1,'image4.png'),(341,'auctor,',2.14,1,'pasta',77,'in',1,'image4.png'),(342,'enim',9.74,1,'pasta',13,'dictum eu,',1,'image4.png'),(343,'congue. In',1.92,0,'desserts',79,'In condimentum.',0,'image5.png'),(344,'velit egestas',3.86,1,'pasta',85,'Maecenas',1,'image2.png'),(345,'egestas.',8.76,1,'seafood',60,'sollicitudin',0,'image3.png'),(346,'magna. Sed',7.23,0,'salads',69,'tempus risus.',1,'image3.png'),(347,'tempor erat neque',3.49,0,'pasta',56,'est.',1,'image3.png'),(348,'aliquam eu, accumsan',1.58,1,'pies',64,'erat,',1,'image1.png'),(349,'varius',0.47,0,'pies',16,'orci lobortis',0,'image3.png'),(350,'ipsum. Suspendisse sagittis.',8.95,0,'salads',80,'adipiscing lacus.',1,'image3.png'),(351,'cursus vestibulum. Mauris',5.93,1,'stews',75,'porttitor',0,'image5.png'),(352,'condimentum. Donec at',0.1,0,'stews',99,'Morbi',1,'image1.png'),(353,'aliquet. Proin velit.',9.72,0,'soups',58,'sapien',1,'image3.png'),(354,'adipiscing',2.75,1,'salads',90,'est. Nunc',1,'image1.png'),(355,'commodo',4.82,0,'seafood',76,'mauris, rhoncus',1,'image4.png'),(356,'orci luctus et',4.22,0,'pies',93,'magnis dis',0,'image3.png'),(357,'bibendum',0.87,1,'desserts',50,'egestas hendrerit',1,'image3.png'),(358,'a, arcu.',4.58,0,'cereals',4,'ornare',1,'image2.png'),(359,'libero est, congue',8.79,0,'cereals',1,'euismod',1,'image5.png'),(360,'Phasellus in',1.76,1,'seafood',17,'lacus.',1,'image1.png'),(361,'Proin non massa',2.7,0,'pies',95,'aliquet',0,'image2.png'),(362,'libero nec',0.54,1,'salads',51,'sed dictum',1,'image5.png'),(363,'nonummy ultricies ornare,',9.5,1,'desserts',13,'elit',0,'image1.png'),(364,'urna suscipit',9.27,1,'cereals',28,'in',1,'image2.png'),(365,'non',5.41,0,'desserts',60,'nibh',1,'image4.png'),(366,'eget magna. Suspendisse',5.21,1,'seafood',32,'Donec egestas.',0,'image5.png'),(367,'Nam',4.69,0,'sandwiches',17,'ligula. Nullam',0,'image1.png'),(368,'auctor quis, tristique',2.89,0,'pasta',59,'vulputate, nisi',0,'image1.png'),(369,'Donec',6.55,1,'soups',59,'nec,',0,'image4.png'),(370,'amet',9.84,1,'desserts',78,'auctor',1,'image2.png'),(371,'vel quam',5.74,0,'pasta',24,'magna.',1,'image3.png'),(372,'et magnis dis',2.87,0,'noodles',36,'sodales at,',1,'image5.png'),(373,'dolor,',9.16,1,'soups',62,'ipsum',0,'image1.png'),(374,'sit amet,',6.5,1,'sandwiches',33,'sit',1,'image4.png'),(375,'diam nunc, ullamcorper',1.5,1,'noodles',61,'vel, venenatis',0,'image2.png'),(376,'libero',5.06,1,'salads',5,'mi',1,'image1.png'),(377,'Nullam nisl.',6.41,0,'seafood',78,'natoque',0,'image3.png'),(378,'nunc',5.11,0,'pasta',29,'blandit',1,'image5.png'),(379,'dis',3.27,0,'pasta',86,'Nam interdum',0,'image5.png'),(380,'ligula',9.06,1,'stews',96,'sit',0,'image4.png'),(381,'vitae diam. Proin',4.93,0,'desserts',100,'sapien, cursus',0,'image1.png'),(382,'nec',0.79,0,'desserts',85,'erat,',1,'image4.png'),(383,'at',4.97,0,'pies',20,'orci lobortis',1,'image1.png'),(384,'nec, diam. Duis',3.07,1,'cereals',62,'sagittis',0,'image2.png'),(385,'volutpat nunc',7.04,1,'sandwiches',4,'a mi',1,'image3.png'),(386,'erat. Etiam vestibulum',5.7,0,'desserts',5,'Quisque imperdiet,',0,'image2.png'),(387,'blandit enim',7.63,1,'salads',38,'laoreet,',0,'image1.png'),(388,'Duis',4.31,1,'pies',100,'egestas',0,'image4.png'),(389,'in faucibus',2.48,1,'salads',57,'Curabitur',0,'image2.png'),(390,'Nulla tincidunt,',1.66,0,'desserts',29,'Maecenas iaculis',1,'image4.png'),(391,'auctor, velit',2.32,0,'pies',66,'mauris sit',0,'image3.png'),(392,'eleifend. Cras',4.26,1,'pasta',9,'erat vel',0,'image2.png'),(393,'et pede. Nunc',7.35,0,'noodles',77,'senectus',0,'image5.png'),(394,'molestie',4.85,1,'salads',87,'ac',1,'image4.png'),(395,'Quisque',9.73,0,'salads',94,'nec',0,'image3.png'),(396,'vitae,',7.1,1,'salads',91,'nostra,',1,'image3.png'),(397,'libero',0.41,1,'cereals',51,'Suspendisse',1,'image2.png'),(398,'ante. Maecenas mi',5.76,0,'sandwiches',67,'per conubia',0,'image4.png'),(399,'cursus',0.5,1,'pies',45,'dis parturient',0,'image4.png'),(400,'Donec tincidunt.',5.76,1,'desserts',91,'lacus. Ut',1,'image4.png'),(401,'Proin non',5.85,1,'pasta',73,'fermentum',0,'image3.png'),(402,'placerat. Cras dictum',9.8,1,'pies',21,'lorem,',0,'image5.png'),(403,'id, libero.',9.79,1,'desserts',57,'Nam consequat',1,'image1.png'),(404,'Curae;',4.44,0,'noodles',47,'senectus',0,'image3.png'),(405,'placerat',0.23,0,'soups',89,'orci',0,'image2.png'),(406,'ac mi eleifend',1.64,0,'noodles',77,'sed',1,'image2.png'),(407,'erat. Etiam vestibulum',6.02,1,'cereals',37,'amet',0,'image5.png'),(408,'non dui nec',8.06,1,'soups',87,'accumsan interdum',1,'image5.png'),(409,'egestas nunc sed',4.56,0,'seafood',95,'Vivamus rhoncus.',1,'image3.png'),(410,'Proin ultrices. Duis',5.71,1,'seafood',5,'dui',0,'image1.png'),(411,'Proin',4.19,0,'stews',73,'Mauris vestibulum,',1,'image1.png'),(412,'Suspendisse',9.74,0,'pies',43,'arcu.',0,'image1.png'),(413,'Curabitur dictum. Phasellus',6.17,0,'noodles',69,'eleifend non,',0,'image2.png'),(414,'sit',0.31,1,'soups',37,'sollicitudin adipiscing',0,'image1.png'),(415,'elementum at,',8.89,0,'soups',7,'turpis.',1,'image4.png'),(416,'nibh. Aliquam ornare,',8.22,0,'pasta',68,'dui nec',0,'image4.png'),(417,'auctor',9.89,0,'pasta',49,'faucibus id,',0,'image5.png'),(418,'tincidunt orci',7.62,0,'pies',71,'amet luctus',0,'image2.png'),(419,'vulputate, risus a',5.19,0,'seafood',40,'rutrum',1,'image1.png'),(420,'non,',4.03,1,'salads',8,'justo. Praesent',1,'image2.png'),(421,'metus. In nec',7.26,0,'seafood',57,'amet ornare',1,'image1.png'),(422,'Nullam',7.13,1,'sandwiches',42,'erat',1,'image1.png'),(423,'nisi magna sed',2.61,1,'seafood',58,'sem ut',0,'image4.png'),(424,'nascetur ridiculus',5.42,0,'pasta',85,'enim nec',0,'image2.png'),(425,'ut',2.18,1,'seafood',73,'ac',1,'image4.png'),(426,'nisi sem',8.07,0,'pies',82,'nec',1,'image2.png'),(427,'Etiam vestibulum massa',6.86,0,'cereals',15,'sit',1,'image3.png'),(428,'ullamcorper viverra.',1.98,0,'pies',67,'natoque penatibus',0,'image1.png'),(429,'dui.',8.51,0,'pasta',8,'est,',1,'image3.png'),(430,'purus.',5.08,0,'desserts',68,'ipsum.',1,'image1.png'),(431,'dictum. Proin eget',0.43,0,'soups',32,'diam',0,'image4.png'),(432,'tellus',1.05,0,'noodles',34,'diam',1,'image3.png'),(433,'sit',5.17,1,'seafood',45,'scelerisque sed,',1,'image1.png'),(434,'erat',6.15,0,'seafood',49,'ac',0,'image4.png'),(435,'tellus, imperdiet non,',8.73,0,'seafood',90,'sem ut',1,'image1.png'),(436,'posuere,',6.53,1,'desserts',72,'enim. Nunc',0,'image2.png'),(437,'dolor.',8.42,1,'salads',63,'placerat,',0,'image1.png'),(438,'Suspendisse ac metus',2.16,1,'cereals',25,'lacus.',1,'image2.png'),(439,'a ultricies adipiscing,',7.86,0,'noodles',39,'a mi',0,'image4.png'),(440,'mauris eu',5.8,1,'desserts',47,'pede. Suspendisse',1,'image5.png'),(441,'nec',0.89,0,'stews',100,'diam vel',0,'image4.png'),(442,'molestie',0.17,1,'salads',35,'nec urna',1,'image2.png'),(443,'dapibus gravida. Aliquam',6.93,1,'seafood',76,'tempus',0,'image3.png'),(444,'Quisque',0.87,1,'sandwiches',83,'amet',0,'image2.png'),(445,'in,',4.13,1,'soups',82,'semper. Nam',1,'image3.png'),(446,'sociis',3.01,0,'pies',44,'lobortis.',0,'image4.png'),(447,'dapibus',1.76,1,'desserts',9,'eu neque',1,'image3.png'),(448,'tempor',8.12,1,'pies',97,'Sed eget',0,'image5.png'),(449,'sit',0.73,0,'noodles',58,'enim. Sed',1,'image1.png'),(450,'rutrum, justo.',1.83,1,'desserts',27,'lacus',0,'image1.png'),(451,'magna a',1.57,0,'cereals',46,'eget, ipsum.',1,'image5.png'),(452,'ornare tortor',3.09,0,'seafood',98,'eu nibh',0,'image1.png'),(453,'ut',7.77,1,'cereals',93,'Mauris',1,'image5.png'),(454,'libero. Morbi accumsan',7.75,1,'sandwiches',5,'vel est',0,'image2.png'),(455,'non, feugiat',3.77,1,'salads',25,'sit',0,'image4.png'),(456,'Phasellus',1.61,0,'noodles',78,'Etiam bibendum',0,'image5.png'),(457,'In',1.86,1,'sandwiches',70,'sagittis',1,'image4.png'),(458,'venenatis',0.22,0,'cereals',87,'leo.',0,'image3.png'),(459,'scelerisque,',8.13,1,'sandwiches',44,'Mauris',1,'image5.png'),(460,'mauris, rhoncus id,',2.65,1,'seafood',47,'lacus',1,'image4.png'),(461,'Praesent',7.74,1,'desserts',32,'risus odio,',0,'image1.png'),(462,'eu, ultrices',3.36,0,'noodles',86,'sodales',1,'image2.png'),(463,'pulvinar arcu',1.66,1,'seafood',96,'molestie',1,'image4.png'),(464,'neque sed dictum',7.05,1,'noodles',8,'ac mattis',0,'image4.png'),(465,'metus. Aliquam',7.51,0,'pies',88,'lorem',0,'image1.png'),(466,'consectetuer adipiscing elit.',2.27,0,'stews',65,'interdum libero',1,'image2.png'),(467,'gravida mauris ut',1.53,1,'cereals',10,'eros.',1,'image4.png'),(468,'non, dapibus',5.58,0,'sandwiches',73,'Nullam vitae',1,'image2.png'),(469,'per inceptos',9.63,1,'soups',43,'lectus rutrum',1,'image3.png'),(470,'et, magna. Praesent',9.43,0,'cereals',38,'ante.',0,'image5.png'),(471,'dictum sapien.',1.49,1,'cereals',79,'pellentesque, tellus',1,'image5.png'),(472,'mauris',9.52,0,'pies',62,'tellus',0,'image1.png'),(473,'eleifend, nunc risus',8.14,0,'stews',58,'ullamcorper viverra.',1,'image1.png'),(474,'taciti sociosqu',1.65,1,'salads',67,'leo. Cras',0,'image5.png'),(475,'dui.',3.03,0,'seafood',66,'non',0,'image2.png'),(476,'sem',7.38,0,'pasta',4,'eget metus',1,'image1.png'),(477,'scelerisque, lorem ipsum',1.52,0,'cereals',80,'blandit. Nam',0,'image5.png'),(478,'lorem vitae odio',7.55,1,'sandwiches',85,'pede',1,'image1.png'),(479,'non nisi.',9.32,1,'noodles',3,'lacus.',0,'image1.png'),(480,'Quisque imperdiet, erat',7.36,1,'stews',100,'dis parturient',1,'image5.png'),(481,'ut, pellentesque',0.77,0,'noodles',2,'faucibus orci',1,'image5.png'),(482,'arcu imperdiet',4.82,1,'noodles',1,'risus. In',1,'image2.png'),(483,'metus',3.6,0,'desserts',26,'Cum sociis',0,'image1.png'),(484,'Nunc',5.73,0,'sandwiches',61,'ante',0,'image1.png'),(485,'est ac',0.77,0,'noodles',45,'nibh',1,'image5.png'),(486,'dapibus quam quis',9.12,0,'stews',48,'Suspendisse aliquet,',1,'image5.png'),(487,'aliquam adipiscing lacus.',7.19,0,'stews',37,'Duis cursus,',1,'image5.png'),(488,'dictum sapien.',7.65,1,'seafood',19,'Ut sagittis',0,'image3.png'),(489,'Donec feugiat metus',8.2,1,'stews',99,'eget,',0,'image3.png'),(490,'pede.',8.88,1,'noodles',72,'dolor.',0,'image2.png'),(491,'lobortis quis,',8.72,1,'desserts',60,'dolor sit',1,'image2.png'),(492,'erat',8.61,1,'pies',87,'Nulla',0,'image4.png'),(493,'tellus',5.06,0,'salads',63,'vitae, aliquet',0,'image4.png'),(494,'faucibus lectus, a',6.11,1,'pasta',79,'vulputate,',1,'image3.png'),(495,'euismod',6.6,1,'soups',59,'nec tellus.',1,'image1.png'),(496,'Quisque imperdiet, erat',4.59,0,'soups',13,'Nulla',0,'image2.png'),(497,'a',5.14,1,'soups',92,'elit, pretium',0,'image3.png'),(498,'orci luctus et',5.76,0,'soups',44,'viverra.',0,'image2.png'),(499,'Aliquam erat',5.45,1,'pies',26,'aliquet,',1,'image4.png'),(500,'Integer sem',3.39,0,'soups',24,'nec',0,'image2.png'),(501,'non, bibendum sed,',0.96,1,'sandwiches',72,'tincidunt, neque',0,'image2.png'),(502,'sed, facilisis',3.68,0,'desserts',67,'Phasellus',1,'image4.png'),(503,'Nulla',0.56,0,'noodles',29,'porttitor vulputate,',0,'image4.png'),(504,'mollis vitae,',7.51,1,'pasta',45,'ac',0,'image5.png'),(505,'Sed',9.07,0,'noodles',2,'augue',0,'image1.png'),(506,'nec',2.15,1,'sandwiches',36,'In',0,'image5.png'),(507,'eu nibh',9.48,1,'noodles',84,'tellus',0,'image2.png'),(508,'elit,',6.13,0,'seafood',42,'euismod',0,'image4.png'),(509,'magna.',1.56,1,'pies',91,'enim',0,'image4.png'),(510,'in, dolor.',6.85,0,'salads',10,'adipiscing',0,'image1.png'),(511,'nec ante.',2.24,1,'salads',90,'vel',1,'image2.png'),(512,'mus. Proin vel',7.76,1,'seafood',1,'Morbi sit',1,'image5.png'),(513,'Suspendisse sagittis. Nullam',1.48,0,'stews',4,'ac',0,'image2.png'),(514,'tempus risus. Donec',6.95,1,'noodles',37,'volutpat ornare,',1,'image3.png'),(515,'lobortis quis,',3.83,1,'cereals',41,'sit',0,'image4.png'),(516,'nisl',2.32,0,'seafood',54,'molestie pharetra',1,'image2.png'),(517,'erat.',9.63,1,'pies',17,'consequat enim',0,'image1.png'),(518,'enim, sit',2.62,1,'stews',6,'amet ornare',1,'image2.png'),(519,'egestas blandit.',8.44,1,'cereals',40,'Nunc quis',1,'image1.png'),(520,'a feugiat',1.79,1,'desserts',20,'dolor',1,'image4.png'),(521,'diam vel arcu.',0.51,0,'pies',55,'malesuada',0,'image2.png'),(522,'purus',3.87,1,'cereals',63,'convallis in,',1,'image2.png'),(523,'sem',2.9,0,'stews',14,'Suspendisse',1,'image5.png'),(524,'tellus.',6.85,0,'sandwiches',1,'at',0,'image5.png'),(525,'quis,',4.42,0,'pies',99,'nisi dictum',1,'image4.png'),(526,'ut, nulla. Cras',3.76,0,'desserts',61,'Integer vitae',0,'image2.png'),(527,'urna suscipit',5.23,0,'pies',42,'neque sed',0,'image4.png'),(528,'dolor',5.47,1,'desserts',32,'sit',0,'image1.png'),(529,'facilisis lorem',1.71,0,'salads',72,'augue',0,'image1.png'),(530,'ultrices',2.42,1,'desserts',11,'dapibus',0,'image4.png'),(531,'mus. Aenean eget',8.6,1,'seafood',87,'vehicula',0,'image1.png'),(532,'risus odio, auctor',4.89,0,'noodles',4,'vitae, sodales',0,'image5.png'),(533,'fringilla purus',7.37,0,'salads',46,'imperdiet',1,'image5.png'),(534,'justo. Proin',1.07,1,'salads',44,'Integer eu',0,'image5.png'),(535,'nulla magna, malesuada',6.49,1,'seafood',88,'Cum sociis',1,'image2.png'),(536,'euismod mauris',3.24,0,'sandwiches',82,'senectus et',1,'image4.png'),(537,'pede ac urna.',0.97,1,'seafood',69,'rutrum',1,'image4.png'),(538,'Morbi accumsan laoreet',8.4,1,'soups',74,'tincidunt pede',0,'image1.png'),(539,'pede,',4.4,0,'seafood',73,'facilisis lorem',0,'image2.png'),(540,'id',4.92,1,'stews',27,'Nulla',0,'image4.png'),(541,'lacus',3.02,0,'stews',59,'auctor',1,'image4.png'),(542,'Maecenas',1.2,0,'sandwiches',100,'ante',1,'image4.png'),(543,'eget laoreet posuere,',8.17,1,'stews',62,'sed,',0,'image1.png'),(544,'orci,',5.02,1,'pies',17,'arcu.',0,'image2.png'),(545,'amet metus. Aliquam',6.12,1,'sandwiches',66,'neque. Sed',0,'image4.png'),(546,'Donec nibh enim,',6.36,0,'cereals',56,'cursus,',0,'image1.png'),(547,'conubia nostra, per',1.35,1,'desserts',11,'Phasellus at',1,'image5.png'),(548,'euismod est',0.22,1,'stews',74,'scelerisque mollis.',1,'image5.png'),(549,'nulla vulputate dui,',1.66,1,'stews',93,'ornare',0,'image4.png'),(550,'diam',4.45,1,'sandwiches',24,'feugiat',1,'image2.png'),(551,'et',4.44,0,'stews',4,'bibendum ullamcorper.',0,'image4.png'),(552,'a, scelerisque',9.99,1,'soups',53,'porta elit,',0,'image4.png'),(553,'arcu. Vestibulum',8.68,1,'pies',59,'felis.',0,'image1.png'),(554,'luctus',2.24,0,'sandwiches',9,'massa',1,'image4.png'),(555,'nostra, per inceptos',2.45,0,'cereals',55,'dolor,',0,'image4.png'),(556,'iaculis aliquet',1.84,0,'cereals',56,'urna',1,'image4.png'),(557,'lorem,',6.9,1,'soups',69,'Cum',1,'image1.png'),(558,'tincidunt',1.24,0,'pies',34,'Nunc ullamcorper,',1,'image3.png'),(559,'pellentesque, tellus',0.72,1,'desserts',40,'dui.',0,'image2.png'),(560,'dapibus rutrum, justo.',9.86,0,'pies',100,'lectus rutrum',0,'image4.png'),(561,'egestas.',7.19,1,'cereals',27,'eleifend nec,',0,'image2.png'),(562,'vitae,',0.56,1,'sandwiches',9,'neque',0,'image3.png'),(563,'nisi a odio',1.55,1,'salads',85,'Quisque varius.',0,'image4.png'),(564,'porttitor',8.62,1,'pasta',84,'urna justo',1,'image2.png'),(565,'aliquam',7.77,0,'soups',75,'elit pede,',0,'image1.png'),(566,'Cum',1.35,1,'pasta',82,'Cum sociis',0,'image2.png'),(567,'sit',4.84,1,'sandwiches',38,'mollis non,',1,'image2.png'),(568,'Morbi',6.02,0,'salads',65,'tempor lorem,',0,'image4.png'),(569,'libero. Proin sed',8.3,1,'cereals',12,'blandit',0,'image2.png'),(570,'magnis dis parturient',7.86,1,'cereals',25,'neque.',0,'image5.png'),(571,'et nunc. Quisque',7.08,0,'noodles',4,'Sed eget',1,'image5.png'),(572,'metus',8.04,1,'salads',64,'sollicitudin a,',1,'image5.png'),(573,'Quisque fringilla',9.17,0,'cereals',85,'nisl arcu',1,'image4.png'),(574,'eget metus.',1.28,0,'pasta',8,'vitae odio',0,'image4.png'),(575,'Mauris',3.37,0,'seafood',69,'vitae',1,'image5.png'),(576,'Nunc sed',5.02,0,'pies',16,'rutrum, justo.',0,'image2.png'),(577,'augue eu',4.92,1,'seafood',80,'ligula. Nullam',0,'image2.png'),(578,'Nunc commodo auctor',3.16,1,'cereals',21,'sit amet',0,'image4.png'),(579,'accumsan convallis,',1.4,0,'sandwiches',94,'neque sed',0,'image2.png'),(580,'Quisque',9.59,1,'desserts',95,'Integer aliquam',1,'image5.png'),(581,'congue a,',8.94,1,'seafood',46,'et',1,'image3.png'),(582,'ante.',3.45,0,'soups',24,'eget',1,'image2.png'),(583,'euismod',6.2,1,'soups',20,'eu, ligula.',1,'image4.png'),(584,'dapibus',0.91,0,'cereals',3,'ipsum',1,'image3.png'),(585,'vestibulum',1.81,0,'sandwiches',39,'cursus.',0,'image1.png'),(586,'a ultricies',9.64,0,'desserts',24,'lacinia',1,'image1.png'),(587,'Nunc',6.69,0,'desserts',79,'erat',1,'image1.png'),(588,'mauris erat',8.59,1,'cereals',10,'mollis',0,'image3.png'),(589,'interdum. Curabitur dictum.',4.96,0,'cereals',5,'nisi dictum',0,'image4.png'),(590,'faucibus orci',6.27,1,'pies',77,'posuere,',1,'image2.png'),(591,'tortor at risus.',3.76,1,'soups',38,'eget',1,'image1.png'),(592,'dui, in',3.72,1,'salads',41,'est.',0,'image5.png'),(593,'Donec luctus aliquet',0.34,0,'desserts',92,'rutrum non,',1,'image1.png'),(594,'dapibus ligula.',8.41,0,'noodles',61,'morbi',1,'image5.png'),(595,'adipiscing elit. Aliquam',3.34,0,'salads',91,'ornare egestas',0,'image2.png'),(596,'dolor. Quisque tincidunt',3.4,0,'salads',28,'adipiscing',1,'image5.png'),(597,'Pellentesque ultricies dignissim',7.7,1,'salads',64,'ut, sem.',0,'image1.png'),(598,'Sed nec',4.37,1,'desserts',44,'pharetra.',0,'image5.png'),(599,'rutrum lorem ac',3.18,0,'seafood',30,'natoque penatibus',0,'image2.png'),(600,'magna a',9.33,1,'soups',11,'vehicula',0,'image1.png'),(601,'risus, at fringilla',7.66,1,'salads',66,'Proin mi.',0,'image3.png'),(602,'vel, convallis',5.57,0,'noodles',95,'et magnis',1,'image4.png'),(603,'sodales elit',8.82,1,'stews',29,'ridiculus mus.',1,'image3.png'),(604,'Fusce mollis. Duis',5.03,1,'cereals',71,'Vivamus',0,'image1.png'),(605,'vehicula',3.58,1,'soups',84,'vel',0,'image4.png'),(606,'Phasellus in felis.',2.4,0,'soups',31,'malesuada fames',1,'image1.png'),(607,'ante dictum',7.02,1,'pasta',18,'euismod ac,',1,'image4.png'),(608,'mi enim, condimentum',0.84,1,'desserts',96,'egestas',0,'image3.png'),(609,'ac arcu. Nunc',9.21,0,'soups',12,'malesuada. Integer',1,'image2.png'),(610,'pellentesque',8.06,1,'pasta',80,'feugiat',0,'image1.png'),(611,'Aliquam erat volutpat.',7.01,1,'cereals',100,'luctus. Curabitur',0,'image5.png'),(612,'Nunc pulvinar arcu',0.84,1,'seafood',44,'porttitor',0,'image1.png'),(613,'mi, ac',4.08,1,'pasta',19,'lobortis tellus',0,'image2.png'),(614,'dis parturient montes,',3.59,0,'noodles',37,'aliquet,',1,'image4.png'),(615,'ipsum',5.15,1,'cereals',73,'augue malesuada',1,'image5.png'),(616,'massa. Integer',0.49,1,'seafood',80,'Aliquam ultrices',0,'image1.png'),(617,'feugiat',1.14,0,'salads',15,'feugiat.',1,'image2.png'),(618,'laoreet',6,0,'seafood',77,'est.',0,'image4.png'),(619,'lorem, eget mollis',8.61,0,'cereals',96,'natoque',0,'image5.png'),(620,'ultrices',8.66,1,'noodles',6,'mus. Donec',0,'image4.png'),(621,'tortor. Nunc',4.14,0,'pasta',29,'faucibus ut,',0,'image5.png'),(622,'auctor. Mauris vel',8.89,1,'noodles',57,'facilisi.',0,'image2.png'),(623,'mi pede,',9.59,0,'desserts',35,'aliquet molestie',1,'image1.png'),(624,'velit.',3.19,0,'stews',21,'vitae velit',0,'image3.png'),(625,'dapibus rutrum, justo.',1.55,1,'cereals',43,'arcu vel',1,'image2.png'),(626,'per',2.88,1,'salads',64,'sit',0,'image3.png'),(627,'netus et malesuada',8.56,1,'soups',42,'nibh vulputate',1,'image5.png'),(628,'Nulla',5.5,1,'soups',95,'lobortis ultrices.',1,'image5.png'),(629,'dolor, tempus',2.95,1,'cereals',13,'volutpat ornare,',0,'image1.png'),(630,'Mauris',9.31,0,'noodles',63,'eu, eleifend',0,'image2.png'),(631,'Integer tincidunt aliquam',4.24,1,'seafood',97,'orci tincidunt',1,'image3.png'),(632,'orci lacus vestibulum',8.38,0,'noodles',88,'lorem',0,'image3.png'),(633,'pede. Nunc sed',3.46,0,'sandwiches',43,'mi lacinia',1,'image1.png'),(634,'porttitor',8.91,1,'desserts',55,'Aenean',0,'image1.png'),(635,'convallis',9.88,0,'seafood',48,'Proin',0,'image3.png'),(636,'ultricies adipiscing, enim',2.43,0,'salads',30,'penatibus et',0,'image4.png'),(637,'turpis',4.53,0,'stews',59,'natoque',1,'image2.png'),(638,'laoreet posuere, enim',2.15,1,'cereals',14,'aliquam',1,'image5.png'),(639,'urna suscipit nonummy.',8.34,0,'pasta',1,'Quisque',1,'image4.png'),(640,'Phasellus libero',7.29,1,'desserts',61,'aliquam iaculis,',0,'image3.png'),(641,'in',1.45,1,'pies',29,'odio. Etiam',1,'image5.png'),(642,'consectetuer adipiscing',9.88,1,'seafood',9,'non,',0,'image1.png'),(643,'tristique pellentesque, tellus',1.11,0,'desserts',41,'elit.',0,'image4.png'),(644,'pede.',3.32,0,'soups',39,'libero',1,'image1.png'),(645,'lacinia',3.94,1,'salads',22,'Duis elementum,',0,'image1.png'),(646,'parturient',8.71,0,'noodles',33,'porttitor',0,'image2.png'),(647,'ornare,',1.37,1,'pasta',97,'Nam',1,'image2.png'),(648,'Duis',8.22,1,'noodles',1,'augue,',0,'image5.png'),(649,'et, rutrum',3.64,1,'sandwiches',22,'dolor sit',1,'image3.png'),(650,'vitae semper egestas,',4.69,0,'soups',31,'facilisis.',0,'image4.png'),(651,'Mauris magna.',7.14,0,'salads',37,'egestas.',1,'image4.png'),(652,'sagittis',7.74,0,'pasta',89,'at, nisi.',1,'image2.png'),(653,'molestie arcu. Sed',8.3,0,'cereals',87,'congue',0,'image4.png'),(654,'id magna et',7.56,0,'pasta',74,'lacinia mattis.',0,'image4.png'),(655,'ornare. Fusce',3.1,1,'pasta',73,'natoque',0,'image5.png'),(656,'a, aliquet vel,',8.58,1,'sandwiches',42,'sem ut',0,'image2.png'),(657,'rhoncus. Donec',2.94,1,'pies',20,'et pede.',0,'image4.png'),(658,'Donec',5.06,1,'desserts',41,'sed turpis',1,'image5.png'),(659,'ligula. Nullam',7.94,0,'pies',87,'quam vel',0,'image1.png'),(660,'Quisque',5.28,1,'noodles',76,'euismod est',0,'image3.png'),(661,'enim, condimentum eget,',9.1,1,'sandwiches',6,'et, lacinia',0,'image2.png'),(662,'in',8.6,0,'seafood',4,'orci.',1,'image1.png'),(663,'felis,',7.89,1,'cereals',62,'nunc',0,'image1.png'),(664,'volutpat.',5.6,1,'cereals',45,'Nunc',1,'image4.png'),(665,'pede blandit',4.41,0,'stews',43,'tortor at',1,'image1.png'),(666,'vulputate',0.22,0,'stews',4,'euismod',0,'image3.png'),(667,'a',1.81,1,'seafood',55,'lacus. Quisque',1,'image2.png'),(668,'faucibus.',9.27,0,'pasta',76,'penatibus',1,'image3.png'),(669,'Nullam velit dui,',6.41,1,'noodles',55,'et magnis',0,'image1.png'),(670,'ac ipsum. Phasellus',3.59,1,'sandwiches',60,'non',1,'image4.png'),(671,'commodo',5.95,0,'pasta',45,'erat.',0,'image1.png'),(672,'non,',2.66,1,'desserts',87,'risus. Donec',1,'image2.png'),(673,'scelerisque',2.02,1,'pasta',36,'sollicitudin',1,'image4.png'),(674,'Proin non',3.27,1,'sandwiches',14,'Cum sociis',1,'image2.png'),(675,'ipsum',9.51,0,'sandwiches',41,'conubia nostra,',1,'image2.png'),(676,'non,',0.05,1,'soups',4,'blandit',1,'image5.png'),(677,'dui quis',4.95,1,'pasta',5,'a',1,'image5.png'),(678,'odio',8.52,1,'desserts',70,'tempor diam',1,'image3.png'),(679,'nibh. Donec',3.83,1,'pies',46,'pede,',0,'image2.png'),(680,'sodales purus,',2.94,0,'salads',11,'Donec',0,'image2.png'),(681,'lorem tristique',6.18,0,'soups',9,'aliquet',0,'image4.png'),(682,'dapibus quam',5.63,1,'seafood',59,'purus.',1,'image1.png'),(683,'nonummy ut,',7.41,0,'noodles',66,'ultrices.',1,'image5.png'),(684,'cursus in,',8.49,0,'seafood',84,'ut, molestie',1,'image1.png'),(685,'Maecenas',2.8,0,'sandwiches',67,'tempor',0,'image1.png'),(686,'sed sem',7.69,0,'pasta',97,'tristique',1,'image3.png'),(687,'et',2.47,0,'seafood',89,'Nulla',0,'image3.png'),(688,'adipiscing',7.9,0,'seafood',64,'dolor sit',0,'image2.png'),(689,'quis',3.83,0,'sandwiches',36,'leo,',1,'image1.png'),(690,'sem.',9.05,1,'pasta',16,'ac',0,'image4.png'),(691,'tellus sem mollis',4.82,0,'cereals',33,'arcu. Sed',0,'image5.png'),(692,'sit',5.1,0,'pasta',23,'augue ac',1,'image2.png'),(693,'tempus non,',3.39,1,'seafood',96,'ipsum dolor',0,'image3.png'),(694,'a, aliquet vel,',7.96,1,'desserts',86,'nisi',0,'image4.png'),(695,'arcu.',1.45,1,'seafood',43,'molestie in,',0,'image5.png'),(696,'quam quis',3.23,1,'stews',83,'rutrum',0,'image1.png'),(697,'vitae mauris sit',7.63,1,'sandwiches',50,'porttitor',0,'image5.png'),(698,'Lorem ipsum',1.98,1,'seafood',13,'pharetra,',1,'image3.png'),(699,'molestie.',6.66,0,'pasta',49,'ipsum',0,'image3.png'),(700,'malesuada vel, convallis',2.65,1,'soups',93,'magna.',0,'image1.png'),(701,'magna. Sed',1.83,1,'cereals',99,'eu, accumsan',0,'image5.png'),(702,'purus',7.87,1,'pies',28,'Lorem',0,'image1.png'),(703,'Suspendisse commodo',1.35,1,'cereals',56,'ultricies',0,'image1.png'),(704,'orci, consectetuer euismod',0.1,1,'soups',42,'vehicula risus.',0,'image3.png'),(705,'risus',5.25,1,'soups',62,'malesuada augue',0,'image5.png'),(706,'rhoncus id,',0.62,0,'pasta',64,'et',1,'image3.png'),(707,'arcu. Sed',9.79,0,'stews',77,'Donec',0,'image1.png'),(708,'nascetur ridiculus mus.',5.14,0,'salads',88,'nulla.',0,'image5.png'),(709,'urna, nec luctus',1.8,1,'salads',70,'congue',1,'image1.png'),(710,'ad litora torquent',5.05,0,'salads',27,'ultricies',1,'image4.png'),(711,'fermentum arcu.',6.53,0,'stews',99,'In lorem.',1,'image1.png'),(712,'nunc',6.69,1,'salads',10,'fermentum',0,'image5.png'),(713,'sodales',5.19,1,'pies',29,'orci',0,'image4.png'),(714,'sapien,',0.71,1,'pasta',65,'commodo hendrerit.',1,'image2.png'),(715,'justo.',6.36,0,'soups',100,'magna.',0,'image1.png'),(716,'enim, condimentum eget,',4.25,1,'cereals',75,'metus. In',1,'image4.png'),(717,'Integer vulputate, risus',3.22,1,'pasta',19,'aliquet',1,'image2.png'),(718,'dictum magna.',9.01,1,'pasta',86,'Proin',1,'image3.png'),(719,'enim.',6.71,1,'seafood',41,'Suspendisse aliquet',0,'image4.png'),(720,'velit',7.77,1,'seafood',30,'odio semper',1,'image5.png'),(721,'ridiculus mus. Proin',3.43,0,'soups',44,'eleifend',1,'image1.png'),(722,'eleifend non, dapibus',8.85,1,'cereals',33,'egestas.',0,'image2.png'),(723,'scelerisque',4.66,1,'stews',57,'auctor,',0,'image1.png'),(724,'lectus, a sollicitudin',2.73,1,'cereals',48,'hendrerit id,',1,'image2.png'),(725,'vitae purus gravida',6.8,1,'pasta',56,'dapibus',0,'image3.png'),(726,'quam',7.94,0,'salads',95,'vel',1,'image3.png'),(727,'mi tempor',7.77,1,'cereals',34,'feugiat metus',1,'image3.png'),(728,'lacus. Aliquam rutrum',6.9,1,'noodles',43,'sapien imperdiet',1,'image5.png'),(729,'tincidunt',6.99,0,'noodles',53,'imperdiet non,',0,'image2.png'),(730,'elit. Nulla',8.49,1,'sandwiches',81,'nascetur ridiculus',0,'image5.png'),(731,'elit, pellentesque',3.35,1,'stews',77,'cursus',0,'image4.png'),(732,'enim',8.17,0,'pasta',100,'eu erat',1,'image4.png'),(733,'Cum sociis natoque',7.23,1,'sandwiches',20,'vel, venenatis',1,'image5.png'),(734,'egestas, urna',1.34,0,'pies',49,'pharetra nibh.',0,'image5.png'),(735,'Quisque',7.23,0,'sandwiches',45,'mauris. Integer',0,'image1.png'),(736,'Proin',7.01,0,'salads',20,'sit',1,'image1.png'),(737,'molestie',9.83,0,'desserts',98,'ac',1,'image2.png'),(738,'consequat auctor,',2.26,1,'cereals',86,'justo sit',0,'image4.png'),(739,'tristique',5.21,0,'stews',59,'elit',0,'image1.png'),(740,'a, auctor',2.81,0,'stews',8,'eu, eleifend',0,'image4.png'),(741,'Aliquam',4.22,1,'pies',51,'magna. Duis',1,'image3.png'),(742,'diam. Pellentesque',3.29,1,'cereals',54,'eros.',1,'image5.png'),(743,'semper rutrum. Fusce',7.35,0,'pies',27,'Suspendisse',1,'image2.png'),(744,'nibh. Quisque nonummy',2.43,0,'soups',58,'leo, in',0,'image2.png'),(745,'mauris,',9.68,1,'stews',69,'Sed molestie.',0,'image5.png'),(746,'in,',7.07,1,'noodles',31,'adipiscing lobortis',1,'image5.png'),(747,'imperdiet dictum',5.54,0,'soups',54,'non',0,'image4.png'),(748,'vitae, aliquet',5.99,0,'pies',22,'libero',0,'image3.png'),(749,'Aenean euismod',3.83,1,'seafood',74,'non magna.',1,'image1.png'),(750,'lorem',0.51,0,'soups',45,'magnis',1,'image2.png'),(751,'neque non quam.',8.43,0,'soups',22,'nibh lacinia',1,'image3.png'),(752,'eleifend nec, malesuada',9.48,0,'desserts',21,'feugiat. Sed',0,'image2.png'),(753,'fames',0.49,0,'stews',85,'nibh enim,',1,'image2.png'),(754,'convallis',7.75,0,'salads',74,'turpis',1,'image4.png'),(755,'ut',8.76,0,'pasta',92,'purus. Nullam',1,'image3.png'),(756,'risus.',0,0,'seafood',93,'libero.',1,'image5.png'),(757,'vulputate,',7.53,0,'stews',47,'Duis',0,'image4.png'),(758,'amet metus. Aliquam',2.8,0,'salads',39,'leo. Morbi',0,'image1.png'),(759,'mauris blandit mattis.',4.68,0,'noodles',88,'Sed',1,'image1.png'),(760,'ultrices, mauris',0.59,0,'noodles',20,'enim',0,'image4.png'),(761,'dui nec',9.26,1,'pasta',14,'est.',0,'image5.png'),(762,'Curabitur egestas nunc',8.26,1,'soups',38,'malesuada',0,'image4.png'),(763,'Nunc',8.87,0,'seafood',83,'quis',0,'image5.png'),(764,'eget',3.8,0,'salads',15,'lacus.',0,'image5.png'),(765,'a mi',4.71,1,'noodles',64,'egestas a,',1,'image5.png'),(766,'Aenean',8.88,0,'pies',23,'et,',1,'image2.png'),(767,'et, eros. Proin',2.5,1,'pasta',30,'tortor.',1,'image3.png'),(768,'Pellentesque habitant morbi',2.76,1,'salads',77,'Cras',0,'image1.png'),(769,'Vivamus molestie',3.11,0,'seafood',53,'dui',1,'image5.png'),(770,'eu eros.',4.29,0,'cereals',70,'mi. Aliquam',0,'image3.png'),(771,'sit amet, consectetuer',8.31,1,'sandwiches',55,'Morbi quis',1,'image2.png'),(772,'sem',0.09,0,'salads',73,'a, aliquet',1,'image3.png'),(773,'Sed auctor odio',1.12,0,'stews',49,'eu nibh',0,'image5.png'),(774,'imperdiet, erat nonummy',1.75,1,'cereals',75,'gravida. Praesent',1,'image1.png'),(775,'Nulla tincidunt,',1.19,0,'desserts',62,'faucibus',0,'image1.png'),(776,'Pellentesque',1.53,0,'noodles',45,'turpis',1,'image5.png'),(777,'neque pellentesque massa',4.37,0,'noodles',23,'justo',0,'image4.png'),(778,'augue',8.44,0,'pasta',67,'Nullam vitae',1,'image2.png'),(779,'Donec',8.98,0,'desserts',40,'gravida sagittis.',1,'image5.png'),(780,'hendrerit',7.89,1,'pasta',83,'et',1,'image3.png'),(781,'adipiscing.',7.26,0,'pasta',5,'lorem ac',0,'image3.png'),(782,'augue',3.4,1,'noodles',7,'aliquet.',0,'image2.png'),(783,'elementum at, egestas',0.31,1,'seafood',45,'dolor quam,',1,'image4.png'),(784,'suscipit nonummy.',6.31,0,'desserts',34,'neque',1,'image4.png'),(785,'arcu. Morbi',7.97,0,'soups',54,'sit',1,'image3.png'),(786,'tempor erat neque',2.16,0,'seafood',60,'dui lectus',1,'image4.png'),(787,'nascetur ridiculus',2.64,1,'noodles',86,'aliquet',1,'image1.png'),(788,'mus. Proin',5.67,1,'noodles',96,'ornare, libero',1,'image2.png'),(789,'Etiam vestibulum',3.43,0,'desserts',88,'Aenean euismod',1,'image2.png'),(790,'ac tellus. Suspendisse',5.48,0,'seafood',97,'purus. Nullam',1,'image1.png'),(791,'egestas hendrerit',4.36,0,'salads',77,'nisl',0,'image1.png'),(792,'semper',0.9,0,'pies',74,'turpis',1,'image2.png'),(793,'Proin ultrices. Duis',7.48,0,'seafood',34,'luctus felis',0,'image4.png'),(794,'vitae, orci. Phasellus',9.45,1,'desserts',42,'Donec tempor,',1,'image1.png'),(795,'magnis dis',3.11,0,'sandwiches',59,'In lorem.',1,'image4.png'),(796,'sem mollis',9.41,1,'desserts',46,'diam. Proin',0,'image3.png'),(797,'non',0.84,1,'cereals',81,'ante. Vivamus',1,'image4.png'),(798,'tincidunt',7.42,0,'sandwiches',59,'Donec tincidunt.',0,'image4.png'),(799,'varius orci, in',4.38,1,'seafood',96,'ac mattis',0,'image3.png'),(800,'ipsum',7.16,1,'sandwiches',67,'ipsum porta',0,'image1.png'),(801,'orci. Ut semper',7.35,1,'desserts',60,'ac,',0,'image5.png'),(802,'congue',0.36,1,'pies',45,'est. Nunc',0,'image3.png'),(803,'et ipsum',7.27,1,'pasta',82,'ac arcu.',0,'image1.png'),(804,'Donec egestas.',5.25,0,'pasta',79,'bibendum. Donec',1,'image5.png'),(805,'nisl',3.57,1,'desserts',74,'nibh',0,'image3.png'),(806,'blandit',5.88,0,'soups',46,'orci',0,'image2.png'),(807,'Nam',9.8,0,'stews',44,'senectus et',1,'image4.png'),(808,'mollis',7.99,0,'salads',42,'diam dictum',1,'image1.png'),(809,'Praesent eu dui.',5.95,1,'pies',99,'Donec feugiat',1,'image4.png'),(810,'Aenean',3.36,0,'desserts',41,'tortor at',1,'image1.png'),(811,'interdum ligula eu',5.67,0,'cereals',62,'sit',0,'image4.png'),(812,'nec,',5.83,0,'sandwiches',49,'dolor.',0,'image5.png'),(813,'mus. Proin vel',9.79,0,'soups',58,'pretium',0,'image2.png'),(814,'ac',5.22,1,'soups',38,'Morbi',0,'image1.png'),(815,'diam. Duis mi',6.38,1,'pies',77,'Sed eu',1,'image1.png'),(816,'placerat. Cras',5.85,0,'stews',15,'Praesent',0,'image2.png'),(817,'adipiscing lacus. Ut',0.13,0,'pies',28,'at',0,'image1.png'),(818,'dui, in',9.5,1,'noodles',5,'id nunc',0,'image1.png'),(819,'sit',2.36,0,'pasta',2,'dui. Fusce',1,'image3.png'),(820,'semper erat, in',6.2,1,'desserts',81,'commodo',1,'image3.png'),(821,'morbi',6.65,0,'seafood',71,'tincidunt. Donec',0,'image3.png'),(822,'luctus sit',2,0,'seafood',22,'nec',1,'image2.png'),(823,'rhoncus. Proin nisl',5.75,0,'pasta',91,'scelerisque mollis.',1,'image2.png'),(824,'dolor',5.14,0,'pies',81,'aliquam iaculis,',0,'image5.png'),(825,'nec tempus scelerisque,',9.58,0,'sandwiches',18,'nec, cursus',0,'image4.png'),(826,'eu',5.58,0,'desserts',7,'quam. Pellentesque',0,'image5.png'),(827,'natoque',4.76,0,'pies',34,'molestie arcu.',0,'image2.png'),(828,'ullamcorper, velit in',8.14,0,'seafood',52,'natoque penatibus',1,'image3.png'),(829,'Nulla',7.5,1,'noodles',9,'lorem',1,'image5.png'),(830,'vitae,',3.66,0,'pies',79,'blandit.',0,'image3.png'),(831,'quis massa.',3.84,0,'salads',27,'Aliquam vulputate',1,'image3.png'),(832,'eu, placerat eget,',3.04,0,'pasta',64,'id',0,'image3.png'),(833,'erat. Sed',5.56,1,'pasta',15,'faucibus',1,'image5.png'),(834,'erat vitae risus.',6.83,1,'desserts',65,'sed,',1,'image2.png'),(835,'id,',0.85,1,'salads',77,'lobortis quam',1,'image3.png'),(836,'orci. Ut',9.26,1,'cereals',61,'magna',0,'image4.png'),(837,'In',3.84,0,'seafood',68,'Fusce dolor',1,'image5.png'),(838,'dui quis',4.51,0,'soups',60,'nascetur ridiculus',0,'image5.png'),(839,'est, mollis non,',0.9,1,'pies',48,'fringilla. Donec',0,'image3.png'),(840,'sagittis lobortis mauris.',8.04,1,'salads',32,'odio semper',1,'image4.png'),(841,'nec tellus. Nunc',3.62,1,'pasta',48,'mauris erat',0,'image1.png'),(842,'adipiscing elit.',1.81,1,'soups',35,'quam vel',1,'image2.png'),(843,'Nullam nisl.',3.34,1,'desserts',96,'ipsum',1,'image1.png'),(844,'rhoncus. Donec est.',4.29,0,'pasta',39,'accumsan sed,',1,'image2.png'),(845,'quis, tristique ac,',9.68,0,'sandwiches',93,'nunc, ullamcorper',0,'image4.png'),(846,'eros.',5.55,1,'desserts',15,'neque.',1,'image3.png'),(847,'at,',3.56,1,'soups',86,'amet, consectetuer',1,'image4.png'),(848,'amet metus. Aliquam',7.29,0,'soups',32,'malesuada',0,'image1.png'),(849,'magnis dis parturient',4.3,0,'stews',66,'tellus',0,'image2.png'),(850,'Vestibulum accumsan neque',3.71,0,'stews',20,'magna. Cras',1,'image2.png'),(851,'sociis natoque penatibus',1.48,0,'noodles',24,'mauris. Integer',0,'image1.png'),(852,'fringilla purus',2.23,1,'cereals',18,'dapibus quam',0,'image1.png'),(853,'laoreet',0.45,0,'cereals',70,'urna. Vivamus',0,'image2.png'),(854,'enim',3.92,1,'sandwiches',77,'quam a',0,'image4.png'),(855,'odio semper cursus.',7.27,0,'salads',78,'at, libero.',1,'image4.png'),(856,'Cras',0.64,1,'sandwiches',36,'tempus',0,'image4.png'),(857,'tincidunt congue turpis.',3.94,1,'pies',74,'dis',1,'image1.png'),(858,'Donec',8.1,1,'noodles',69,'Maecenas',1,'image4.png'),(859,'lectus convallis',2.96,0,'seafood',25,'fames',0,'image5.png'),(860,'sed,',1.2,1,'noodles',13,'a nunc.',0,'image3.png'),(861,'quam',4.94,1,'soups',36,'Pellentesque habitant',0,'image5.png'),(862,'Nulla',1.65,0,'soups',59,'elit elit',0,'image3.png'),(863,'est.',4.86,0,'soups',53,'sit',1,'image2.png'),(864,'Donec',5.38,0,'pies',78,'ut',1,'image5.png'),(865,'Cras pellentesque. Sed',7.46,0,'desserts',71,'Phasellus',1,'image2.png'),(866,'et, rutrum',7.65,1,'soups',4,'mi fringilla',1,'image2.png'),(867,'vulputate, risus a',7.52,0,'stews',56,'nec quam.',1,'image2.png'),(868,'egestas hendrerit neque.',0.22,1,'pies',48,'quis diam.',1,'image4.png'),(869,'fermentum',6.93,0,'desserts',58,'nec',0,'image5.png'),(870,'enim. Etiam imperdiet',9.48,1,'cereals',30,'Pellentesque',0,'image4.png'),(871,'justo eu arcu.',7.98,1,'sandwiches',5,'ultrices',0,'image5.png'),(872,'scelerisque, lorem',0.01,0,'soups',9,'dui,',1,'image5.png'),(873,'eleifend',2.72,1,'pies',24,'urna.',0,'image3.png'),(874,'a tortor.',1.33,0,'salads',66,'Nulla eget',0,'image2.png'),(875,'pede, malesuada',0.58,1,'noodles',39,'tortor.',0,'image4.png'),(876,'Aenean sed pede',6.72,0,'desserts',70,'metus.',1,'image5.png'),(877,'tortor. Nunc commodo',5.5,0,'sandwiches',80,'imperdiet ullamcorper.',1,'image1.png'),(878,'sem.',9.29,1,'cereals',57,'tincidunt tempus',1,'image3.png'),(879,'felis',3.46,1,'pasta',97,'cursus in,',0,'image2.png'),(880,'eget tincidunt',4.99,1,'pies',27,'Sed malesuada',0,'image5.png'),(881,'vitae, sodales',7.9,1,'stews',39,'ut mi.',1,'image3.png'),(882,'Quisque varius. Nam',5.12,1,'pasta',30,'neque',1,'image1.png'),(883,'et,',1.83,0,'desserts',3,'consectetuer',0,'image3.png'),(884,'magna.',1.46,1,'pasta',4,'sed, sapien.',0,'image1.png'),(885,'massa rutrum magna.',6.5,0,'sandwiches',94,'gravida non,',1,'image2.png'),(886,'Mauris vel turpis.',7.41,1,'sandwiches',49,'malesuada fames',0,'image1.png'),(887,'Aenean egestas hendrerit',3.7,0,'stews',76,'sodales at,',0,'image3.png'),(888,'pharetra ut,',6.78,0,'cereals',66,'eleifend.',1,'image5.png'),(889,'auctor, velit eget',7.06,0,'stews',93,'consectetuer, cursus',1,'image1.png'),(890,'eget lacus. Mauris',9.6,0,'noodles',66,'auctor,',1,'image2.png'),(891,'eleifend egestas. Sed',5.22,0,'soups',41,'consectetuer',1,'image1.png'),(892,'a nunc. In',2.49,1,'noodles',23,'malesuada',1,'image5.png'),(893,'auctor quis, tristique',4.79,1,'sandwiches',59,'Suspendisse dui.',1,'image1.png'),(894,'adipiscing',3.33,1,'desserts',1,'Integer vitae',1,'image1.png'),(895,'ornare egestas',8.76,0,'seafood',16,'hendrerit consectetuer,',0,'image2.png'),(896,'neque pellentesque',0.78,0,'desserts',91,'Quisque fringilla',1,'image3.png'),(897,'senectus et netus',7.5,0,'pasta',92,'nascetur ridiculus',0,'image3.png'),(898,'cursus a,',7.66,1,'cereals',24,'Aenean eget',1,'image4.png'),(899,'non, egestas',7.44,0,'stews',84,'montes,',0,'image1.png'),(900,'Suspendisse aliquet,',0.52,1,'noodles',73,'porttitor',0,'image4.png'),(901,'vitae dolor. Donec',4.41,0,'desserts',44,'ut,',1,'image2.png'),(902,'euismod mauris',1.76,1,'stews',35,'penatibus',1,'image2.png'),(903,'Phasellus',4.31,0,'pies',96,'Nunc ut',0,'image1.png'),(904,'ligula. Nullam',3.03,0,'soups',94,'gravida. Praesent',1,'image2.png'),(905,'semper.',6.8,0,'soups',91,'non, hendrerit',0,'image5.png'),(906,'senectus',4.48,1,'salads',25,'Nullam nisl.',0,'image5.png'),(907,'orci tincidunt',4.13,0,'sandwiches',15,'Quisque',0,'image5.png'),(908,'ut',0.82,1,'desserts',78,'urna',0,'image3.png'),(909,'Duis gravida.',6.2,1,'seafood',29,'nec, eleifend',0,'image4.png'),(910,'facilisis',4.95,1,'seafood',55,'Phasellus elit',0,'image2.png'),(911,'dignissim tempor arcu.',6.4,0,'noodles',41,'laoreet ipsum.',1,'image3.png'),(912,'lorem eu',8.18,1,'cereals',98,'ultricies',0,'image3.png'),(913,'Nunc ullamcorper,',5.34,1,'soups',67,'facilisi.',1,'image2.png'),(914,'leo.',4.69,1,'pasta',79,'Duis volutpat',1,'image2.png'),(915,'eu, odio.',9.89,0,'seafood',43,'Sed nulla',1,'image5.png'),(916,'in',0.08,0,'soups',77,'felis orci,',1,'image3.png'),(917,'montes, nascetur',6.61,1,'soups',99,'a odio',1,'image4.png'),(918,'In lorem. Donec',3.11,0,'salads',92,'Mauris non',1,'image5.png'),(919,'sed dui.',6.31,1,'sandwiches',39,'ut quam',0,'image4.png'),(920,'libero.',8.62,1,'stews',61,'sit',0,'image4.png'),(921,'Maecenas',3.57,1,'seafood',23,'Nulla',1,'image3.png'),(922,'nec tempus',5.89,0,'salads',63,'eget, volutpat',1,'image3.png'),(923,'varius. Nam porttitor',5.29,0,'noodles',60,'Sed',0,'image4.png'),(924,'sapien,',7.55,0,'soups',70,'Nulla interdum.',1,'image3.png'),(925,'Suspendisse',0.79,0,'stews',62,'quis',0,'image4.png'),(926,'placerat.',5.75,0,'soups',47,'faucibus',1,'image5.png'),(927,'Nunc ut erat.',7.39,0,'stews',14,'Duis volutpat',0,'image1.png'),(928,'pede. Suspendisse dui.',7.92,1,'salads',59,'id,',0,'image2.png'),(929,'nec',1.83,1,'soups',29,'arcu iaculis',0,'image2.png'),(930,'sociis natoque',0.05,0,'cereals',87,'facilisis,',0,'image5.png'),(931,'metus',6.51,0,'cereals',73,'velit',1,'image2.png'),(932,'mattis. Integer eu',6.86,0,'pasta',34,'Curabitur massa.',1,'image3.png'),(933,'Proin eget odio.',1.69,1,'salads',51,'neque vitae',0,'image1.png'),(934,'tincidunt, neque',9.85,0,'stews',38,'ullamcorper. Duis',0,'image4.png'),(935,'elit pede, malesuada',7.54,1,'seafood',13,'sodales at,',1,'image5.png'),(936,'sociis natoque penatibus',1.47,1,'salads',63,'natoque penatibus',0,'image1.png'),(937,'amet',7.14,1,'pies',20,'Donec',1,'image1.png'),(938,'metus eu erat',1.46,1,'sandwiches',79,'Duis gravida.',1,'image2.png'),(939,'egestas. Aliquam',4.98,1,'noodles',63,'velit.',0,'image3.png'),(940,'porttitor',9.31,0,'pasta',28,'id ante',0,'image2.png'),(941,'eu,',8.13,1,'sandwiches',6,'nisl. Maecenas',0,'image5.png'),(942,'mauris sagittis placerat.',3.29,0,'pies',41,'at arcu.',1,'image4.png'),(943,'at risus.',4.33,0,'seafood',29,'Morbi',0,'image4.png'),(944,'tortor nibh sit',7.6,1,'soups',89,'ornare. In',0,'image2.png'),(945,'Suspendisse non leo.',3.71,0,'stews',82,'risus a',0,'image3.png'),(946,'libero et',2.31,0,'noodles',97,'ligula.',0,'image3.png'),(947,'risus. Donec egestas.',9.88,1,'pasta',12,'tristique',1,'image3.png'),(948,'cursus et, magna.',1.44,1,'sandwiches',39,'nascetur ridiculus',0,'image4.png'),(949,'mauris blandit',6.78,1,'soups',37,'nec, leo.',0,'image3.png'),(950,'tempus scelerisque,',9.26,1,'pies',64,'urna,',0,'image3.png'),(951,'Aenean euismod',7.1,0,'noodles',26,'Curabitur massa.',1,'image2.png'),(952,'ridiculus mus. Proin',5.08,1,'sandwiches',46,'risus.',1,'image3.png'),(953,'Aliquam',9.73,0,'desserts',7,'faucibus.',0,'image3.png'),(954,'Duis',3.49,0,'stews',2,'urna, nec',0,'image4.png'),(955,'tempus',8.49,0,'pasta',3,'orci. Ut',0,'image2.png'),(956,'magna a',5.85,1,'desserts',99,'Sed auctor',1,'image4.png'),(957,'molestie orci',2.54,1,'cereals',11,'Suspendisse sagittis.',1,'image5.png'),(958,'volutpat',7.73,0,'seafood',88,'varius.',1,'image3.png'),(959,'quam',1.37,0,'cereals',78,'Nam interdum',1,'image4.png'),(960,'sodales at, velit.',8.84,1,'sandwiches',57,'vitae',0,'image1.png'),(961,'tincidunt tempus risus.',0.39,1,'noodles',50,'leo',0,'image4.png'),(962,'adipiscing',1.92,1,'stews',68,'et, rutrum',0,'image1.png'),(963,'pharetra sed,',5.08,1,'desserts',59,'ac, fermentum',1,'image5.png'),(964,'aliquet diam. Sed',6.17,1,'pasta',60,'amet, faucibus',0,'image1.png'),(965,'Suspendisse eleifend. Cras',8.73,0,'seafood',90,'Aenean eget',0,'image5.png'),(966,'varius orci,',1.18,0,'seafood',67,'in lobortis',0,'image4.png'),(967,'Cras pellentesque.',9.68,1,'stews',29,'a',0,'image1.png'),(968,'et',4.94,0,'cereals',28,'Fusce',1,'image5.png'),(969,'ut, pellentesque',7.29,0,'stews',8,'id',0,'image1.png'),(970,'eget mollis lectus',7.35,0,'seafood',60,'lorem, auctor',0,'image2.png'),(971,'id risus',4.19,1,'soups',32,'molestie in,',0,'image4.png'),(972,'interdum',1.88,0,'pies',12,'neque. Sed',1,'image4.png'),(973,'nec tempus',7.72,0,'soups',62,'odio',0,'image5.png'),(974,'malesuada fringilla est.',6.87,1,'pasta',48,'id, erat.',0,'image1.png'),(975,'fames',2.6,0,'sandwiches',44,'posuere,',0,'image4.png'),(976,'Vivamus rhoncus. Donec',6.45,1,'stews',73,'pede.',1,'image1.png'),(977,'at fringilla purus',5.97,1,'seafood',58,'Class',1,'image2.png'),(978,'conubia',3.62,1,'sandwiches',55,'tortor',1,'image5.png'),(979,'sapien. Cras dolor',8.39,0,'cereals',71,'parturient',1,'image1.png'),(980,'lorem ut aliquam',9.64,0,'seafood',58,'nisl sem,',1,'image1.png'),(981,'Duis gravida. Praesent',3.09,1,'desserts',85,'id magna',0,'image4.png'),(982,'sapien. Cras',2.3,0,'soups',49,'pharetra',0,'image4.png'),(983,'dictum',3.72,0,'pies',34,'Donec',1,'image1.png'),(984,'ornare, facilisis eget,',8.84,1,'salads',38,'Aliquam nisl.',1,'image5.png'),(985,'cursus luctus,',9.94,1,'seafood',30,'tempor augue',0,'image1.png'),(986,'Donec est. Nunc',4.94,1,'pasta',81,'ipsum',1,'image4.png'),(987,'gravida nunc sed',7.07,0,'sandwiches',95,'posuere cubilia',1,'image4.png'),(988,'risus a',7.2,1,'stews',53,'Nam ac',0,'image4.png'),(989,'vulputate, nisi sem',9.46,1,'soups',23,'lorem',1,'image2.png'),(990,'semper',5.5,0,'stews',82,'Aliquam',1,'image2.png'),(991,'dui.',7.44,1,'sandwiches',40,'in',0,'image3.png'),(992,'aliquet vel, vulputate',2.15,1,'pies',6,'sed pede',0,'image1.png'),(993,'augue',5.24,1,'salads',84,'consequat dolor',0,'image5.png'),(994,'arcu vel quam',4.08,1,'soups',15,'bibendum',0,'image2.png'),(995,'a odio',6.98,1,'stews',2,'dis',0,'image1.png'),(996,'cursus luctus, ipsum',6.14,1,'cereals',54,'cubilia',1,'image5.png'),(997,'lobortis mauris. Suspendisse',7.12,0,'salads',23,'nec',1,'image4.png'),(998,'auctor',2.47,0,'stews',26,'vel, mauris.',0,'image4.png'),(999,'interdum',6.35,1,'cereals',65,'dui.',0,'image1.png'),(1000,'ridiculus',8.4,1,'pasta',76,'dictum',0,'image5.png');
/*!40000 ALTER TABLE `products` ENABLE KEYS */;
UNLOCK TABLES;

--
-- Table structure for table `reviews`
--

DROP TABLE IF EXISTS `reviews`;
/*!40101 SET @saved_cs_client     = @@character_set_client */;
/*!40101 SET character_set_client = utf8 */;
CREATE TABLE `reviews` (
  `id` int(11) NOT NULL AUTO_INCREMENT,
  `review` varchar(500) NOT NULL,
  `rating` tinyint(10) NOT NULL,
  `deliveries_id` int(11) NOT NULL,
  PRIMARY KEY (`id`),
  KEY `fk_reviews_deliveries1_idx` (`deliveries_id`),
  CONSTRAINT `fk_reviews_deliveries1` FOREIGN KEY (`deliveries_id`) REFERENCES `deliveries` (`id`) ON DELETE NO ACTION ON UPDATE NO ACTION
) ENGINE=InnoDB DEFAULT CHARSET=utf8;
/*!40101 SET character_set_client = @saved_cs_client */;

--
-- Dumping data for table `reviews`
--

LOCK TABLES `reviews` WRITE;
/*!40000 ALTER TABLE `reviews` DISABLE KEYS */;
INSERT INTO `reviews` VALUES (1,'Lorem ipsum dolor sit amet, consectetuer',7,71),(2,'Lorem ipsum dolor sit amet, consectetuer adipiscing elit. Curabitur sed tortor.',3,38),(3,'Lorem ipsum dolor sit amet, consectetuer adipiscing',7,26),(4,'Lorem ipsum dolor sit amet, consectetuer adipiscing elit. Curabitur sed tortor. Integer aliquam adipiscing lacus.',9,57),(5,'Lorem ipsum dolor sit amet, consectetuer adipiscing elit. Curabitur sed',2,63),(6,'Lorem ipsum dolor sit amet, consectetuer adipiscing elit. Curabitur sed tortor. Integer aliquam',8,86),(7,'Lorem ipsum dolor sit amet, consectetuer adipiscing elit. Curabitur sed tortor. Integer aliquam',6,19),(8,'Lorem ipsum dolor sit amet, consectetuer adipiscing elit. Curabitur sed tortor. Integer aliquam',1,59),(9,'Lorem ipsum dolor sit amet, consectetuer',2,88),(10,'Lorem ipsum dolor sit amet, consectetuer adipiscing elit. Curabitur sed tortor. Integer',10,22),(11,'Lorem ipsum dolor sit amet, consectetuer adipiscing',5,10),(12,'Lorem ipsum dolor sit amet, consectetuer adipiscing elit. Curabitur sed tortor. Integer aliquam',9,34),(13,'Lorem ipsum dolor sit amet, consectetuer adipiscing elit. Curabitur sed tortor. Integer',3,30),(14,'Lorem ipsum dolor sit amet, consectetuer adipiscing elit.',7,5),(15,'Lorem ipsum dolor sit amet, consectetuer',10,33),(16,'Lorem ipsum dolor sit amet, consectetuer adipiscing elit. Curabitur sed tortor. Integer aliquam adipiscing lacus.',5,82),(17,'Lorem ipsum dolor sit amet, consectetuer adipiscing',10,5),(18,'Lorem ipsum dolor sit amet, consectetuer adipiscing elit.',9,50),(19,'Lorem ipsum dolor sit amet, consectetuer adipiscing',7,20),(20,'Lorem ipsum dolor sit amet, consectetuer adipiscing elit. Curabitur sed',3,83),(21,'Lorem ipsum dolor sit amet, consectetuer adipiscing elit. Curabitur',3,48),(22,'Lorem ipsum dolor sit amet, consectetuer adipiscing elit. Curabitur',3,1),(23,'Lorem ipsum dolor sit amet, consectetuer adipiscing elit.',1,26),(24,'Lorem ipsum dolor sit amet, consectetuer adipiscing elit. Curabitur sed tortor.',4,54),(25,'Lorem ipsum dolor sit amet, consectetuer adipiscing elit. Curabitur sed tortor. Integer aliquam adipiscing',6,28),(26,'Lorem ipsum dolor sit amet, consectetuer adipiscing elit. Curabitur sed tortor. Integer',5,86),(27,'Lorem ipsum dolor sit amet, consectetuer adipiscing elit. Curabitur sed tortor. Integer aliquam adipiscing lacus.',6,89),(28,'Lorem ipsum dolor sit amet, consectetuer adipiscing',5,81),(29,'Lorem ipsum dolor sit amet, consectetuer adipiscing elit. Curabitur sed tortor. Integer aliquam',7,100),(30,'Lorem ipsum dolor sit amet, consectetuer adipiscing elit. Curabitur sed tortor. Integer aliquam adipiscing lacus.',8,98),(31,'Lorem ipsum dolor sit amet, consectetuer adipiscing',5,92),(32,'Lorem ipsum dolor sit amet, consectetuer adipiscing elit. Curabitur',9,6),(33,'Lorem ipsum dolor sit amet, consectetuer adipiscing elit. Curabitur sed tortor. Integer aliquam adipiscing lacus.',4,94),(34,'Lorem ipsum dolor sit amet, consectetuer adipiscing elit. Curabitur sed tortor. Integer aliquam',8,2),(35,'Lorem ipsum dolor sit amet,',2,89),(36,'Lorem ipsum dolor sit amet, consectetuer adipiscing elit. Curabitur sed tortor. Integer aliquam adipiscing',8,89),(37,'Lorem ipsum dolor sit amet, consectetuer adipiscing elit. Curabitur sed tortor. Integer aliquam adipiscing',4,90),(38,'Lorem ipsum dolor sit amet, consectetuer adipiscing elit. Curabitur sed tortor. Integer aliquam adipiscing',4,45),(39,'Lorem ipsum dolor sit amet, consectetuer adipiscing elit. Curabitur',2,16),(40,'Lorem ipsum dolor sit amet, consectetuer adipiscing',10,62),(41,'Lorem ipsum dolor sit amet, consectetuer adipiscing elit. Curabitur sed tortor. Integer',8,39),(42,'Lorem ipsum dolor sit amet, consectetuer adipiscing elit. Curabitur sed tortor. Integer aliquam adipiscing',3,65),(43,'Lorem ipsum dolor sit amet,',10,51),(44,'Lorem ipsum dolor sit amet, consectetuer adipiscing elit. Curabitur sed',1,95),(45,'Lorem ipsum dolor sit amet, consectetuer adipiscing elit. Curabitur sed',10,58),(46,'Lorem ipsum dolor sit amet, consectetuer adipiscing elit. Curabitur sed',3,96),(47,'Lorem ipsum dolor sit amet, consectetuer adipiscing elit. Curabitur sed tortor. Integer aliquam adipiscing',2,76),(48,'Lorem ipsum dolor sit amet, consectetuer adipiscing elit. Curabitur sed tortor. Integer aliquam adipiscing lacus.',2,4),(49,'Lorem ipsum dolor sit amet, consectetuer adipiscing elit. Curabitur sed',6,2),(50,'Lorem ipsum dolor sit amet, consectetuer adipiscing elit. Curabitur sed',7,30),(51,'Lorem ipsum dolor sit amet, consectetuer adipiscing elit. Curabitur sed tortor. Integer aliquam adipiscing lacus.',9,100),(52,'Lorem ipsum dolor sit amet, consectetuer adipiscing',10,16),(53,'Lorem ipsum dolor sit amet, consectetuer adipiscing elit. Curabitur sed tortor. Integer aliquam',8,7),(54,'Lorem ipsum dolor sit amet, consectetuer adipiscing',4,59),(55,'Lorem ipsum dolor sit amet, consectetuer adipiscing elit. Curabitur sed tortor.',9,3),(56,'Lorem ipsum dolor sit amet, consectetuer adipiscing elit. Curabitur sed tortor.',6,89),(57,'Lorem ipsum dolor sit amet, consectetuer adipiscing elit. Curabitur sed tortor. Integer aliquam',2,17),(58,'Lorem ipsum dolor sit amet, consectetuer adipiscing elit. Curabitur sed tortor. Integer aliquam adipiscing',7,3),(59,'Lorem ipsum dolor sit amet, consectetuer adipiscing elit. Curabitur sed tortor. Integer aliquam adipiscing',7,60),(60,'Lorem ipsum dolor sit amet, consectetuer adipiscing elit.',2,81),(61,'Lorem ipsum dolor sit amet, consectetuer adipiscing elit. Curabitur sed tortor.',1,38),(62,'Lorem ipsum dolor sit amet, consectetuer adipiscing elit. Curabitur sed tortor. Integer aliquam adipiscing lacus.',3,5),(63,'Lorem ipsum dolor sit amet, consectetuer adipiscing',2,49),(64,'Lorem ipsum dolor sit amet, consectetuer adipiscing elit. Curabitur',2,19),(65,'Lorem ipsum dolor sit amet, consectetuer adipiscing elit. Curabitur sed',1,10),(66,'Lorem ipsum dolor sit amet, consectetuer adipiscing elit. Curabitur sed tortor. Integer aliquam adipiscing lacus.',7,45),(67,'Lorem ipsum dolor sit amet, consectetuer adipiscing elit. Curabitur sed tortor.',2,48),(68,'Lorem ipsum dolor sit amet, consectetuer adipiscing elit. Curabitur sed tortor. Integer aliquam adipiscing lacus.',6,55),(69,'Lorem ipsum dolor sit amet, consectetuer adipiscing elit. Curabitur sed tortor. Integer',7,58),(70,'Lorem ipsum dolor sit amet, consectetuer adipiscing elit. Curabitur sed',4,48),(71,'Lorem ipsum dolor sit amet, consectetuer adipiscing elit. Curabitur sed tortor. Integer',2,27),(72,'Lorem ipsum dolor sit amet, consectetuer adipiscing elit. Curabitur sed tortor. Integer aliquam adipiscing lacus.',2,27),(73,'Lorem ipsum dolor sit amet, consectetuer adipiscing elit. Curabitur sed tortor. Integer aliquam adipiscing',1,61),(74,'Lorem ipsum dolor sit amet, consectetuer adipiscing elit. Curabitur sed tortor. Integer aliquam adipiscing lacus.',7,62),(75,'Lorem ipsum dolor sit amet, consectetuer',8,75),(76,'Lorem ipsum dolor sit amet, consectetuer adipiscing',4,69),(77,'Lorem ipsum dolor sit amet, consectetuer adipiscing elit.',7,29),(78,'Lorem ipsum dolor sit amet, consectetuer adipiscing elit. Curabitur',10,88),(79,'Lorem ipsum dolor sit amet, consectetuer adipiscing',8,57),(80,'Lorem ipsum dolor sit amet, consectetuer adipiscing elit. Curabitur sed tortor.',10,88),(81,'Lorem ipsum dolor sit amet, consectetuer adipiscing elit. Curabitur',7,17),(82,'Lorem ipsum dolor sit amet, consectetuer adipiscing elit. Curabitur sed',6,87),(83,'Lorem ipsum dolor sit amet, consectetuer adipiscing elit.',9,29),(84,'Lorem ipsum dolor sit amet, consectetuer adipiscing elit. Curabitur',2,28),(85,'Lorem ipsum dolor sit amet, consectetuer adipiscing',9,96),(86,'Lorem ipsum dolor sit amet, consectetuer adipiscing elit. Curabitur sed tortor. Integer aliquam adipiscing',6,56),(87,'Lorem ipsum dolor sit amet, consectetuer adipiscing elit. Curabitur sed tortor. Integer',4,52),(88,'Lorem ipsum dolor sit amet, consectetuer adipiscing elit. Curabitur',8,37),(89,'Lorem ipsum dolor sit amet, consectetuer adipiscing elit. Curabitur sed tortor. Integer aliquam',2,92),(90,'Lorem ipsum dolor sit amet, consectetuer adipiscing elit.',9,57),(91,'Lorem ipsum dolor sit amet, consectetuer adipiscing elit. Curabitur sed tortor. Integer aliquam adipiscing lacus.',9,9),(92,'Lorem ipsum dolor sit amet, consectetuer adipiscing elit. Curabitur',1,25),(93,'Lorem ipsum dolor sit amet, consectetuer adipiscing elit. Curabitur sed tortor.',8,9),(94,'Lorem ipsum dolor sit amet, consectetuer adipiscing elit. Curabitur sed tortor. Integer aliquam adipiscing',2,62),(95,'Lorem ipsum dolor sit amet, consectetuer adipiscing elit. Curabitur sed tortor. Integer aliquam',9,6),(96,'Lorem ipsum dolor sit amet,',2,48),(97,'Lorem ipsum dolor sit amet, consectetuer adipiscing elit. Curabitur sed tortor. Integer',9,12),(98,'Lorem ipsum dolor sit amet, consectetuer adipiscing elit.',7,51),(99,'Lorem ipsum dolor sit amet, consectetuer adipiscing elit. Curabitur sed tortor. Integer aliquam adipiscing',5,11),(100,'Lorem ipsum dolor sit amet, consectetuer adipiscing elit. Curabitur',1,44);
/*!40000 ALTER TABLE `reviews` ENABLE KEYS */;
UNLOCK TABLES;

--
-- Table structure for table `shops`
--

DROP TABLE IF EXISTS `shops`;
/*!40101 SET @saved_cs_client     = @@character_set_client */;
/*!40101 SET character_set_client = utf8 */;
CREATE TABLE `shops` (
  `id` int(11) NOT NULL AUTO_INCREMENT,
  `name` varchar(45) NOT NULL,
  `address` varchar(45) NOT NULL,
  `zipcode` char(4) NOT NULL,
  `city` varchar(45) NOT NULL,
  `website` varchar(45) DEFAULT NULL,
  `phoneNumber` varchar(45) NOT NULL,
  `credentials_id` int(11) NOT NULL,
  `acceptedVendor` tinyint(1) NOT NULL,
  `types_id` int(11) NOT NULL,
  `imageName` varchar(45) DEFAULT NULL,
  PRIMARY KEY (`id`),
  KEY `fk_shops_credentials1_idx` (`credentials_id`),
  KEY `fk_shops_types1_idx` (`types_id`),
  CONSTRAINT `fk_shops_credentials1` FOREIGN KEY (`credentials_id`) REFERENCES `credentials` (`id`) ON DELETE NO ACTION ON UPDATE NO ACTION,
  CONSTRAINT `fk_shops_types1` FOREIGN KEY (`types_id`) REFERENCES `types` (`id`) ON DELETE NO ACTION ON UPDATE NO ACTION
) ENGINE=InnoDB DEFAULT CHARSET=utf8;
/*!40101 SET character_set_client = @saved_cs_client */;

--
-- Dumping data for table `shops`
--

LOCK TABLES `shops` WRITE;
/*!40000 ALTER TABLE `shops` DISABLE KEYS */;
INSERT INTO `shops` VALUES (1,'Fringilla Cursus Purus Limited','P.O. Box 122, 3979 Lorem Rd.','9098','Balen','website.com','02 51 09 35 54',77,0,3,'image2.png'),(2,'Egestas Ligula Nullam Consulting','Ap #124-8052 Morbi Ave','7274','Ankara','website.com','05 94 62 58 91',89,1,2,'image3.png'),(3,'Tincidunt Ltd','P.O. Box 977, 7299 Lacus Rd.','6056','Maisi?res','website.com','03 59 38 39 46',8,0,3,'image4.png'),(4,'Dolor Institute','405-4775 Aliquam Avenue','5413','Knoxville','website.com','05 86 92 18 63',40,0,3,'image2.png'),(5,'Egestas Aliquam Industries','184-9107 Dolor, St.','2901','Rivello','website.com','01 58 59 56 55',66,0,2,'image4.png'),(6,'Nonummy Ac Consulting','4690 Vivamus Road','4179','Olmué','website.com','08 08 41 11 94',63,0,3,'image4.png'),(7,'Cras Sed Leo Company','P.O. Box 776, 2147 Tellus. Street','6424','Barrie','website.com','04 04 53 63 48',63,0,3,'image2.png'),(8,'Aenean Egestas Hendrerit Associates','322-230 Et Av.','1964','Morro Reatino','website.com','06 21 60 92 94',49,1,1,'image5.png'),(9,'Sapien Cursus In Limited','624-9271 Dictum Av.','1734','Premeno','website.com','04 26 44 56 38',92,1,1,'image1.png'),(10,'Non Corp.','952-5933 Quisque Ave','9245','Alto Hospicio','website.com','07 59 38 52 17',3,0,1,'image2.png'),(11,'Vel Industries','4597 Lacus. Avenue','8275','Florianópolis','website.com','07 78 17 50 76',51,1,2,'image3.png'),(12,'Et Magnis Dis PC','5703 Feugiat Rd.','2190','Vilna','website.com','03 99 77 91 01',14,1,3,'image1.png'),(13,'Augue Ac Ipsum Inc.','5581 Orci Avenue','7961','Gölcük','website.com','03 69 76 48 69',16,0,4,'image2.png'),(14,'Scelerisque Consulting','2563 Pede, St.','7161','Ch?tillon','website.com','08 64 92 62 18',66,1,2,'image3.png'),(15,'Vulputate Consulting','P.O. Box 428, 1964 Quisque St.','5486','Chepstow','website.com','07 00 93 71 49',3,1,2,'image1.png'),(16,'Consequat Dolor Associates','5626 Risus Av.','4517','Cabano','website.com','08 76 52 09 95',61,1,2,'image3.png'),(17,'Integer Associates','Ap #133-181 Velit. St.','6731','Midway','website.com','03 55 45 01 68',53,0,2,'image3.png'),(18,'Mauris Erat Eget Incorporated','9039 Curabitur Street','7132','Leverkusen','website.com','04 04 71 94 54',98,0,1,'image4.png'),(19,'Tristique Senectus LLP','Ap #366-5949 Nulla St.','3129','Fayetteville','website.com','03 27 02 10 29',35,1,3,'image1.png'),(20,'Magna Nam Ligula Consulting','P.O. Box 195, 2642 Fermentum St.','5637','Desteldonk','website.com','06 03 52 94 26',86,1,4,'image3.png'),(21,'At Corporation','679 Id Road','4023','Crieff','website.com','06 87 27 89 17',3,0,2,'image5.png'),(22,'Nec Imperdiet Corp.','885-4852 Nisi. Rd.','5017','Hannut','website.com','06 62 69 22 53',92,0,1,'image4.png'),(23,'Ac Facilisis Company','P.O. Box 407, 8443 Accumsan St.','9033','Colwood','website.com','03 49 65 77 32',78,1,1,'image5.png'),(24,'Turpis Aliquam Adipiscing Associates','P.O. Box 670, 9055 Tempor Ave','6000','Geesthacht','website.com','09 10 51 17 95',18,0,1,'image4.png'),(25,'Risus PC','117-9242 Arcu Avenue','9902','Empoli','website.com','04 87 83 21 09',66,1,3,'image3.png'),(26,'Enim Associates','256-3529 Ultricies Road','9531','Armungia','website.com','02 64 07 61 24',42,1,4,'image2.png'),(27,'Ullamcorper Viverra Maecenas Incorporated','779-6835 Lacus. Rd.','4329','Charny','website.com','09 39 60 59 42',15,1,3,'image5.png'),(28,'Nunc Sed Libero Incorporated','Ap #939-6126 Donec Rd.','8185','Tullibody','website.com','01 90 52 02 61',3,1,2,'image2.png'),(29,'Risus Morbi Company','575-1281 Phasellus Av.','9113','Flint','website.com','06 06 29 63 43',14,1,1,'image2.png'),(30,'Sagittis Consulting','Ap #830-838 Euismod Ave','9842','Taltal','website.com','01 44 03 53 13',88,1,1,'image1.png'),(31,'Lacus Institute','P.O. Box 111, 6178 Amet Rd.','7072','Aurora','website.com','06 59 18 10 30',59,0,2,'image3.png'),(32,'Vitae Incorporated','Ap #188-9955 Lobortis, Av.','6103','Fortune','website.com','03 21 66 29 00',51,0,2,'image1.png'),(33,'Urna Ut Consulting','459-8404 Parturient St.','8489','Pescantina','website.com','02 25 25 21 96',94,0,1,'image4.png'),(34,'Cursus In Hendrerit Associates','P.O. Box 830, 6159 Lectus Rd.','4126','Salvador','website.com','05 36 08 60 80',89,1,1,'image4.png'),(35,'Phasellus Foundation','139-4932 Nibh St.','6021','Lot','website.com','02 05 58 60 25',86,0,4,'image5.png'),(36,'Eu Odio LLC','362-3642 Augue, St.','6431','Keiem','website.com','06 41 17 28 33',20,1,4,'image2.png'),(37,'Eget Mollis Lectus Ltd','7731 At, St.','9242','Parkland County','website.com','01 50 63 33 15',61,1,2,'image3.png'),(38,'Risus Nulla Eget Associates','5870 In Rd.','9017','Genk','website.com','02 90 82 70 66',98,0,2,'image2.png'),(39,'Nostra Incorporated','P.O. Box 975, 3046 Ullamcorper, Rd.','8707','Madison','website.com','09 80 07 53 46',4,1,1,'image4.png'),(40,'Eget Magna Corporation','9023 Neque Avenue','4992','Santa Marina','website.com','09 55 29 52 22',72,0,1,'image4.png'),(41,'Mattis Cras LLP','252-8856 Dui. Avenue','5573','Vremde','website.com','07 83 81 33 05',65,1,4,'image5.png'),(42,'Praesent Eu Consulting','6426 Pellentesque. Road','1455','Armstrong','website.com','03 79 20 38 42',29,1,1,'image1.png'),(43,'Cras Dictum Ultricies LLC','2152 Dictum Avenue','6212','San Pietro al Tanagro','website.com','05 70 65 06 78',8,0,2,'image5.png'),(44,'Quis Lectus Nullam Limited','399-7361 Sed Road','2839','Boninne','website.com','05 77 94 03 33',23,1,4,'image2.png'),(45,'Egestas Aliquam Nec Inc.','P.O. Box 852, 3973 In Rd.','9016','100 Mile House','website.com','03 31 66 77 98',19,0,3,'image5.png'),(46,'Mauris Id Sapien LLC','Ap #631-2588 Ipsum Ave','6691','Moere','website.com','09 21 06 73 41',63,0,4,'image1.png'),(47,'Lorem Ac Corp.','243-1929 Malesuada. Rd.','6400','Kansas City','website.com','04 49 29 09 61',67,0,3,'image1.png'),(48,'Pretium LLP','3815 Ac Rd.','9627','Avignon','website.com','08 17 05 92 72',85,1,1,'image5.png'),(49,'Donec Nibh Inc.','2429 Arcu. Rd.','7150','Nellore','website.com','03 13 33 50 21',4,1,3,'image4.png'),(50,'Auctor Odio Inc.','Ap #802-7035 Aliquam Av.','1392','Wansin','website.com','09 81 01 19 29',30,0,1,'image5.png'),(51,'Nascetur Ridiculus Mus Industries','Ap #912-4790 Amet, St.','2307','Montignies-sur-Sambre','website.com','07 05 35 90 25',42,1,4,'image3.png'),(52,'Magnis Dis LLP','P.O. Box 493, 593 Congue, St.','3438','Bionaz','website.com','06 75 72 86 88',8,1,3,'image5.png'),(53,'Ridiculus Corp.','683-5440 Velit Street','4911','Anghiari','website.com','02 05 25 07 85',29,0,2,'image2.png'),(54,'Aliquam Ornare Libero Company','P.O. Box 750, 3650 Risus Av.','2404','Edinburgh','website.com','03 91 27 05 39',2,1,3,'image2.png'),(55,'Nec Diam PC','Ap #515-5345 Congue Rd.','9133','Couture-Saint-Germain','website.com','07 93 10 76 42',49,1,1,'image3.png'),(56,'Luctus Sit Incorporated','6942 Eros. Road','8806','Freiburg','website.com','06 80 42 62 52',68,0,1,'image5.png'),(57,'A Institute','940-8857 Quam Rd.','2937','Drogenbos','website.com','09 16 74 28 05',18,0,1,'image1.png'),(58,'Luctus Et Institute','623-5621 Cursus Rd.','3838','Marchihue','website.com','06 05 04 32 28',1,0,2,'image5.png'),(59,'Id Mollis Nec Limited','382-5962 Blandit Rd.','3005','Belmonte del Sannio','website.com','04 81 85 36 73',77,1,1,'image3.png'),(60,'Lectus Company','Ap #893-636 Aliquam St.','7063','San Mauro Cilento','website.com','04 81 47 53 00',40,1,4,'image5.png'),(61,'Eu Inc.','Ap #295-9224 Elementum Av.','3384','Joncret','website.com','02 39 01 34 92',74,1,1,'image4.png'),(62,'Et Netus Et Incorporated','2579 Semper Rd.','6915','Curarrehue','website.com','06 51 22 15 06',34,1,4,'image4.png'),(63,'Id Magna Ltd','2911 Orci. Road','3906','Klabbeek','website.com','04 73 78 65 31',50,1,2,'image5.png'),(64,'Nisi A Odio Limited','607-8123 Vestibulum, St.','8924','Whakatane','website.com','01 47 34 52 08',5,1,4,'image1.png'),(65,'Dolor Dapibus Industries','8265 Quisque Ave','6711','Anchorage','website.com','03 14 22 68 37',61,0,1,'image4.png'),(66,'Iaculis Nec Eleifend LLP','4531 Scelerisque St.','2765','Morolo','website.com','05 60 23 15 14',34,0,3,'image5.png'),(67,'Egestas Nunc LLC','140-7897 Amet, Av.','3627','Nampa','website.com','05 57 81 05 33',90,1,1,'image4.png'),(68,'Nam Porttitor Scelerisque Foundation','Ap #841-1005 Blandit Rd.','4483','Ravels','website.com','08 89 53 66 46',74,0,2,'image2.png'),(69,'Amet Ultricies Sem Industries','P.O. Box 854, 2220 Est St.','4747','Geraldton-Greenough','website.com','07 49 65 25 41',39,1,4,'image4.png'),(70,'Ut Consulting','1641 Lacus. Av.','7728','Viernheim','website.com','08 41 15 26 14',73,1,4,'image5.png'),(71,'Turpis Incorporated','2162 Elit, St.','5545','Lexington','website.com','07 39 61 48 53',71,0,3,'image3.png'),(72,'At LLP','P.O. Box 914, 7987 Malesuada. Road','4432','Amravati','website.com','09 97 13 33 29',80,1,3,'image2.png'),(73,'Turpis Egestas Ltd','P.O. Box 226, 6589 Molestie Road','5876','Denbigh','website.com','04 82 67 16 00',54,0,4,'image1.png'),(74,'Sodales Elit Erat Institute','Ap #548-8435 Diam. Road','8883','Bruderheim','website.com','08 32 89 23 99',30,0,4,'image4.png'),(75,'Diam Luctus Lobortis Inc.','P.O. Box 147, 1417 Mauris Avenue','5615','Tamines','website.com','08 38 05 52 47',50,0,3,'image4.png'),(76,'Dolor Quam Company','1377 Luctus St.','3879','Oostmalle','website.com','06 55 70 96 47',82,0,4,'image2.png'),(77,'Aptent Taciti Sociosqu Institute','299-243 Tortor. Ave','2753','Dornbirn','website.com','05 62 85 15 09',69,1,1,'image5.png'),(78,'Molestie Tellus Consulting','253-5784 Vulputate Rd.','4851','Grumo Appula','website.com','02 66 28 66 01',94,0,1,'image4.png'),(79,'Vulputate Ullamcorper Ltd','109-4529 Neque. Avenue','3759','Bath','website.com','01 75 63 36 90',25,1,1,'image3.png'),(80,'Fermentum Arcu PC','311-3203 Sem Rd.','5288','San Felice a Cancello','website.com','03 55 35 86 96',71,0,2,'image2.png'),(81,'Lectus Company','196-8900 Blandit Ave','5110','Godhra','website.com','07 77 21 52 12',15,0,2,'image2.png'),(82,'Et Foundation','347 Vestibulum Ave','8548','South Bend','website.com','02 73 45 98 12',30,1,2,'image1.png'),(83,'Malesuada Vel Venenatis Foundation','707-2146 Montes, Street','3024','Elversele','website.com','07 17 31 10 07',38,0,2,'image2.png'),(84,'Congue Elit Sed Foundation','423-9724 Dictum Rd.','4384','Baarle-Hertog','website.com','06 76 22 72 94',13,1,2,'image2.png'),(85,'Iaculis LLC','4343 Cum Avenue','2449','Dandenong','website.com','02 27 99 94 43',67,0,4,'image2.png'),(86,'Eu LLC','9611 Sit Ave','5024','Santipur','website.com','08 57 72 25 04',42,0,1,'image5.png'),(87,'Neque Morbi Quis Corp.','429-8042 Risus. Rd.','4460','Montecarotto','website.com','08 84 21 18 81',32,1,3,'image4.png'),(88,'Cras Vulputate Velit Ltd','Ap #455-5932 Mattis Avenue','8832','Springdale','website.com','08 03 30 15 90',26,1,4,'image5.png'),(89,'Vitae Nibh Company','P.O. Box 383, 496 Vel St.','8307','Parla','website.com','09 53 62 01 60',23,0,3,'image1.png'),(90,'Venenatis Limited','P.O. Box 243, 926 Posuere, Av.','5417','Amroha','website.com','06 45 71 57 63',61,0,3,'image3.png'),(91,'Hendrerit Industries','P.O. Box 260, 8208 Et, Av.','6397','Silvassa','website.com','03 60 23 95 08',21,1,1,'image3.png'),(92,'Sagittis Corporation','911-7405 Sit Street','1005','Salt Lake City','website.com','03 41 89 66 44',70,0,1,'image3.png'),(93,'Et Nunc Quisque Inc.','P.O. Box 706, 8767 Eu Ave','8891','Ilbono','website.com','05 22 46 47 34',34,0,2,'image3.png'),(94,'Proin PC','P.O. Box 345, 1036 Vulputate, Avenue','3881','Franeker','website.com','09 91 07 91 87',74,0,4,'image1.png'),(95,'Erat LLP','2404 Non St.','8026','West Vancouver','website.com','07 87 61 93 68',45,0,4,'image3.png'),(96,'Nulla Ante Corporation','P.O. Box 976, 605 Justo Rd.','8152','Puri','website.com','04 48 66 90 06',33,1,2,'image5.png'),(97,'Condimentum Industries','Ap #919-2644 Proin Av.','3761','Kailua','website.com','05 53 45 40 65',29,0,3,'image5.png'),(98,'Scelerisque Foundation','P.O. Box 638, 2756 Molestie. Av.','6132','Oberursel','website.com','02 34 37 42 72',95,0,4,'image1.png'),(99,'Sit Amet Company','746-3401 Mattis Street','1395','Great Yarmouth','website.com','04 56 41 22 09',22,0,1,'image4.png'),(100,'Nunc Pulvinar Consulting','P.O. Box 265, 369 Adipiscing Road','7037','Duque de Caxias','website.com','09 18 10 06 60',83,1,4,'image5.png');
/*!40000 ALTER TABLE `shops` ENABLE KEYS */;
UNLOCK TABLES;

--
-- Table structure for table `types`
--

DROP TABLE IF EXISTS `types`;
/*!40101 SET @saved_cs_client     = @@character_set_client */;
/*!40101 SET character_set_client = utf8 */;
CREATE TABLE `types` (
  `id` int(11) NOT NULL AUTO_INCREMENT,
  `name` varchar(45) NOT NULL,
  PRIMARY KEY (`id`)
) ENGINE=InnoDB AUTO_INCREMENT=5 DEFAULT CHARSET=utf8;
/*!40101 SET character_set_client = @saved_cs_client */;

--
-- Dumping data for table `types`
--

LOCK TABLES `types` WRITE;
/*!40000 ALTER TABLE `types` DISABLE KEYS */;
INSERT INTO `types` VALUES (1,'bakkerij'),(2,'slagerij'),(3,'warenhuis'),(4,'biowinkel');
/*!40000 ALTER TABLE `types` ENABLE KEYS */;
UNLOCK TABLES;

--
-- Table structure for table `users`
--

DROP TABLE IF EXISTS `users`;
/*!40101 SET @saved_cs_client     = @@character_set_client */;
/*!40101 SET character_set_client = utf8 */;
CREATE TABLE `users` (
  `id` int(11) NOT NULL AUTO_INCREMENT,
  `phoneNumber` varchar(20) NOT NULL,
  `firstname` varchar(45) NOT NULL,
  `lastname` varchar(45) NOT NULL,
  `doesDelivery` tinyint(1) NOT NULL,
  `age` tinyint(120) NOT NULL,
  `activeProfile` tinyint(1) NOT NULL,
  `credentials_id` int(11) NOT NULL,
  `imageName` varchar(45) DEFAULT NULL,
  PRIMARY KEY (`id`),
  KEY `fk_users_credentials1_idx` (`credentials_id`),
  CONSTRAINT `fk_users_credentials1` FOREIGN KEY (`credentials_id`) REFERENCES `credentials` (`id`) ON DELETE NO ACTION ON UPDATE NO ACTION
) ENGINE=InnoDB AUTO_INCREMENT=101 DEFAULT CHARSET=utf8;
/*!40101 SET character_set_client = @saved_cs_client */;

--
-- Dumping data for table `users`
--

LOCK TABLES `users` WRITE;
/*!40000 ALTER TABLE `users` DISABLE KEYS */;
INSERT INTO `users` VALUES (1,'04 05 98 66 84','Mari','Shelton',0,77,1,1,'blank'),(2,'01 74 51 01 29','Chelsea','Rush',1,49,0,2,'blank'),(3,'08 52 52 16 60','Amela','Mercado',1,22,0,4,'blank'),(4,'01 30 83 03 21','McKenzie','Osborn',0,43,1,4,'blank'),(5,'02 42 44 29 33','Isadora','Sykes',0,61,1,4,'blank'),(6,'02 83 41 45 81','Tad','Schneider',1,32,1,4,'blank'),(7,'04 28 75 52 75','Yoko','Butler',1,66,0,4,'blank'),(8,'03 65 12 64 07','Wendy','Salazar',0,66,1,4,'blank'),(9,'01 35 22 91 85','Wallace','Morse',0,75,0,4,'blank'),(10,'05 81 17 63 07','Stephen','Mercer',0,66,0,4,'blank'),(11,'01 90 69 87 06','Eleanor','Perkins',1,43,1,4,'blank'),(12,'04 43 57 42 07','Cailin','Norton',1,52,0,4,'blank'),(13,'09 86 52 02 96','Raphael','Nicholson',1,60,0,4,'blank'),(14,'01 45 21 35 18','Neve','Jordan',0,41,1,4,'blank'),(15,'07 35 72 85 30','Alexa','Massey',0,19,0,4,'blank'),(16,'07 25 01 95 47','Mollie','Cobb',1,77,0,4,'blank'),(17,'01 70 63 51 72','September','Chandler',1,60,1,4,'blank'),(18,'01 42 82 17 51','Jermaine','Mejia',1,36,1,4,'blank'),(19,'01 47 05 04 21','Martha','Frost',1,75,0,4,'blank'),(20,'03 02 86 40 79','Basia','Mccarty',1,77,0,4,'blank'),(21,'03 49 15 79 90','Jerome','Valencia',1,40,0,4,'blank'),(22,'09 20 17 47 78','Eaton','Fry',0,55,0,4,'blank'),(23,'09 43 58 08 57','Jason','Galloway',1,29,0,4,'blank'),(24,'08 57 04 62 93','Graiden','Holt',0,80,0,4,'blank'),(25,'03 50 01 00 13','Joshua','West',0,56,1,4,'blank'),(26,'03 31 77 54 26','Allegra','Kinney',0,61,1,4,'blank'),(27,'06 44 41 62 16','Alfreda','Ochoa',1,63,1,4,'blank'),(28,'03 53 42 31 00','Bevis','Freeman',0,32,0,4,'blank'),(29,'06 12 53 18 52','Uta','Atkinson',1,67,0,4,'blank'),(30,'08 92 12 29 62','Abraham','Townsend',0,42,0,4,'blank'),(31,'09 38 18 25 79','Hoyt','Tate',1,36,1,4,'blank'),(32,'03 75 10 32 52','Whilemina','Ortega',0,57,1,4,'blank'),(33,'08 24 81 37 52','Walker','Hendrix',0,19,1,4,'blank'),(34,'05 46 62 21 67','Wendy','Townsend',1,54,0,4,'blank'),(35,'02 24 04 69 05','Vanna','Christian',0,41,1,4,'blank'),(36,'02 38 56 57 37','Cassady','Reilly',1,18,1,4,'blank'),(37,'02 45 16 89 23','Josephine','Merrill',1,19,1,4,'blank'),(38,'06 94 62 20 82','Angela','Baxter',0,67,0,4,'blank'),(39,'08 42 29 53 65','Margaret','Wheeler',0,25,0,4,'blank'),(40,'03 77 64 52 03','Robin','Strickland',0,21,1,4,'blank'),(41,'06 71 48 43 19','Jorden','Figueroa',0,60,1,4,'blank'),(42,'01 64 33 14 66','Clark','Lambert',0,63,1,4,'blank'),(43,'04 60 86 41 93','Cameron','Compton',1,72,1,4,'blank'),(44,'08 48 45 39 35','Maris','Hester',0,70,1,4,'blank'),(45,'02 24 75 14 44','Barrett','Gordon',0,22,1,4,'blank'),(46,'09 66 42 07 16','Porter','Gordon',1,76,1,4,'blank'),(47,'03 73 89 94 45','Laurel','Mcbride',0,22,0,4,'blank'),(48,'01 27 42 10 72','Inga','Holman',0,22,0,4,'blank'),(49,'06 01 58 96 65','Raya','Moss',0,70,1,4,'blank'),(50,'03 24 25 13 62','Daryl','Tillman',1,41,1,4,'blank'),(51,'01 35 48 79 87','Gloria','Sutton',0,62,0,4,'blank'),(52,'04 12 38 72 37','Jeanette','Medina',0,75,1,4,'blank'),(53,'04 36 23 24 93','Eric','Duffy',1,43,0,4,'blank'),(54,'08 16 86 29 74','Stacey','Greer',0,48,1,4,'blank'),(55,'05 43 88 91 74','Hiram','Clemons',0,56,1,4,'blank'),(56,'07 35 86 22 41','Uta','Parks',0,68,0,4,'blank'),(57,'05 37 24 24 93','Clarke','Bailey',1,41,0,4,'blank'),(58,'06 22 22 34 78','Gail','Briggs',0,26,0,4,'blank'),(59,'04 92 42 32 08','Sandra','Gilliam',0,79,0,4,'blank'),(60,'02 49 17 79 99','Inga','Osborn',0,74,0,4,'blank'),(61,'08 67 81 72 75','Martha','Dickson',0,50,1,4,'blank'),(62,'04 41 75 75 61','Kelsey','Mercer',0,37,1,4,'blank'),(63,'02 27 25 35 42','Eden','Dickerson',0,48,0,4,'blank'),(64,'07 17 59 18 49','Dakota','Schroeder',1,55,0,4,'blank'),(65,'05 44 27 75 07','Tanisha','Bray',0,74,0,4,'blank'),(66,'01 03 18 82 25','Erin','Fox',1,42,1,4,'blank'),(67,'05 26 63 09 23','Rosalyn','Emerson',1,42,1,4,'blank'),(68,'03 60 18 33 17','Kristen','Mason',0,78,1,4,'blank'),(69,'06 90 00 63 32','Bernard','Tucker',1,68,1,4,'blank'),(70,'05 62 01 52 04','Noah','Vinson',1,75,1,4,'blank'),(71,'08 31 74 33 87','Zachery','Jefferson',0,66,0,4,'blank'),(72,'08 95 90 09 11','Bevis','Gordon',1,56,0,4,'blank'),(73,'01 33 69 48 13','Laura','Powell',1,67,1,4,'blank'),(74,'02 12 21 81 58','Wing','Beasley',1,76,1,4,'blank'),(75,'01 91 82 45 86','Stephanie','Phillips',1,24,1,4,'blank'),(76,'05 32 17 70 76','Abigail','Robinson',1,44,0,4,'blank'),(77,'02 15 28 79 05','Jocelyn','Howard',0,60,1,4,'blank'),(78,'07 18 02 03 56','Freya','Haney',1,25,0,4,'blank'),(79,'03 81 49 41 52','Sarah','Edwards',0,69,0,4,'blank'),(80,'07 08 17 04 87','Buffy','Snow',1,77,0,4,'blank'),(81,'09 78 13 77 59','Beverly','Melton',0,28,0,4,'blank'),(82,'06 59 42 58 27','Nora','Salazar',1,27,1,4,'blank'),(83,'08 08 90 99 70','Ahmed','Benton',1,55,0,4,'blank'),(84,'06 84 41 44 74','Lydia','Poole',0,33,0,4,'blank'),(85,'02 85 79 17 89','Felicia','Mcguire',0,39,0,4,'blank'),(86,'03 93 68 47 83','Dieter','Mason',1,28,1,4,'blank'),(87,'09 90 66 53 18','Trevor','Russo',1,35,0,4,'blank'),(88,'03 50 35 03 92','Karly','Peck',1,56,1,4,'blank'),(89,'05 83 11 89 67','Thane','Barry',1,49,1,4,'blank'),(90,'05 36 67 94 73','Heidi','Lara',0,79,1,4,'blank'),(91,'01 16 07 18 52','Kelly','Hewitt',1,70,0,4,'blank'),(92,'07 49 48 43 92','Arsenio','Lara',1,33,0,4,'blank'),(93,'04 48 59 24 77','Risa','Hines',0,43,1,4,'blank'),(94,'09 69 12 59 62','Vladimir','Blackburn',1,25,0,4,'blank'),(95,'09 54 93 37 31','Justin','Delaney',1,47,1,4,'blank'),(96,'04 29 87 52 48','Kellie','Howe',0,35,1,4,'blank'),(97,'02 97 23 75 30','Eagan','Saunders',0,76,0,4,'blank'),(98,'04 15 65 42 95','Jenette','Strickland',0,68,0,4,'blank'),(99,'04 68 55 18 11','Bertha','Wilcox',0,18,1,4,'blank'),(100,'03 38 46 86 16','Jarrod','Foreman',0,54,0,4,'blank');
/*!40000 ALTER TABLE `users` ENABLE KEYS */;
UNLOCK TABLES;
/*!40103 SET TIME_ZONE=@OLD_TIME_ZONE */;

/*!40101 SET SQL_MODE=@OLD_SQL_MODE */;
/*!40014 SET FOREIGN_KEY_CHECKS=@OLD_FOREIGN_KEY_CHECKS */;
/*!40014 SET UNIQUE_CHECKS=@OLD_UNIQUE_CHECKS */;
/*!40101 SET CHARACTER_SET_CLIENT=@OLD_CHARACTER_SET_CLIENT */;
/*!40101 SET CHARACTER_SET_RESULTS=@OLD_CHARACTER_SET_RESULTS */;
/*!40101 SET COLLATION_CONNECTION=@OLD_COLLATION_CONNECTION */;
/*!40111 SET SQL_NOTES=@OLD_SQL_NOTES */;

-- Dump completed on 2017-05-18 22:31:23
